Date&Time,TIKER,PER,OPEN,HIGH,LOW,CLOSE,VOLUME
2016-06-01 11:00:00,SPFB.GAZP,60,14668.0,14743.0,14617.0,14679.0,33242
2016-06-01 12:00:00,SPFB.GAZP,60,14679.0,14684.0,14526.0,14532.0,21225
2016-06-01 13:00:00,SPFB.GAZP,60,14531.0,14584.0,14520.0,14550.0,12920
2016-06-01 14:00:00,SPFB.GAZP,60,14550.0,14557.0,14508.0,14527.0,6352
2016-06-01 15:00:00,SPFB.GAZP,60,14531.0,14573.0,14506.0,14572.0,6429
2016-06-01 16:00:00,SPFB.GAZP,60,14571.0,14604.0,14500.0,14540.0,12952
2016-06-01 17:00:00,SPFB.GAZP,60,14540.0,14562.0,14443.0,14471.0,21455
2016-06-01 18:00:00,SPFB.GAZP,60,14468.0,14514.0,14452.0,14487.0,14825
2016-06-01 19:00:00,SPFB.GAZP,60,14485.0,14583.0,14483.0,14578.0,17896
2016-06-01 20:00:00,SPFB.GAZP,60,14559.0,14578.0,14538.0,14563.0,3085
2016-06-01 21:00:00,SPFB.GAZP,60,14563.0,14563.0,14528.0,14548.0,1711
2016-06-01 22:00:00,SPFB.GAZP,60,14546.0,14559.0,14525.0,14544.0,1751
2016-06-01 23:00:00,SPFB.GAZP,60,14544.0,14558.0,14515.0,14542.0,1811
2016-06-02 00:00:00,SPFB.GAZP,60,14541.0,14546.0,14523.0,14540.0,975
2016-06-02 11:00:00,SPFB.GAZP,60,14546.0,14636.0,14504.0,14544.0,36628
2016-06-02 12:00:00,SPFB.GAZP,60,14538.0,14584.0,14507.0,14531.0,12147
2016-06-02 13:00:00,SPFB.GAZP,60,14532.0,14556.0,14482.0,14484.0,7157
2016-06-02 14:00:00,SPFB.GAZP,60,14487.0,14512.0,14444.0,14494.0,18358
2016-06-02 15:00:00,SPFB.GAZP,60,14498.0,14565.0,14479.0,14533.0,13500
2016-06-02 16:00:00,SPFB.GAZP,60,14535.0,14557.0,14422.0,14455.0,21932
2016-06-02 17:00:00,SPFB.GAZP,60,14452.0,14470.0,14387.0,14406.0,19517
2016-06-02 18:00:00,SPFB.GAZP,60,14407.0,14421.0,14357.0,14407.0,20349
2016-06-02 19:00:00,SPFB.GAZP,60,14409.0,14492.0,14362.0,14438.0,26837
2016-06-02 20:00:00,SPFB.GAZP,60,14421.0,14500.0,14400.0,14436.0,6613
2016-06-02 21:00:00,SPFB.GAZP,60,14437.0,14482.0,14435.0,14474.0,2360
2016-06-02 22:00:00,SPFB.GAZP,60,14475.0,14489.0,14457.0,14476.0,2133
2016-06-02 23:00:00,SPFB.GAZP,60,14480.0,14480.0,14450.0,14459.0,1138
2016-06-03 00:00:00,SPFB.GAZP,60,14460.0,14482.0,14446.0,14480.0,816
2016-06-03 11:00:00,SPFB.GAZP,60,14480.0,14524.0,14439.0,14497.0,22585
2016-06-03 12:00:00,SPFB.GAZP,60,14496.0,14612.0,14496.0,14553.0,26550
2016-06-03 13:00:00,SPFB.GAZP,60,14553.0,14579.0,14354.0,14447.0,40355
2016-06-03 14:00:00,SPFB.GAZP,60,14445.0,14476.0,14401.0,14426.0,11819
2016-06-03 15:00:00,SPFB.GAZP,60,14425.0,14450.0,14391.0,14446.0,7122
2016-06-03 16:00:00,SPFB.GAZP,60,14446.0,14500.0,14427.0,14446.0,30925
2016-06-03 17:00:00,SPFB.GAZP,60,14448.0,14479.0,14395.0,14439.0,22102
2016-06-03 18:00:00,SPFB.GAZP,60,14439.0,14445.0,14328.0,14407.0,25597
2016-06-03 19:00:00,SPFB.GAZP,60,14411.0,14432.0,14351.0,14422.0,11939
2016-06-03 20:00:00,SPFB.GAZP,60,14433.0,14522.0,14421.0,14520.0,8612
2016-06-03 21:00:00,SPFB.GAZP,60,14520.0,14520.0,14468.0,14481.0,1989
2016-06-03 22:00:00,SPFB.GAZP,60,14480.0,14522.0,14470.0,14491.0,2159
2016-06-03 23:00:00,SPFB.GAZP,60,14495.0,14501.0,14475.0,14480.0,1519
2016-06-04 00:00:00,SPFB.GAZP,60,14480.0,14527.0,14475.0,14520.0,1607
2016-06-06 11:00:00,SPFB.GAZP,60,14501.0,14650.0,14485.0,14642.0,37256
2016-06-06 12:00:00,SPFB.GAZP,60,14647.0,14705.0,14617.0,14698.0,25383
2016-06-06 13:00:00,SPFB.GAZP,60,14698.0,14734.0,14666.0,14730.0,13993
2016-06-06 14:00:00,SPFB.GAZP,60,14727.0,14735.0,14643.0,14702.0,10861
2016-06-06 15:00:00,SPFB.GAZP,60,14704.0,14727.0,14652.0,14660.0,7614
2016-06-06 16:00:00,SPFB.GAZP,60,14659.0,14759.0,14658.0,14691.0,11831
2016-06-06 17:00:00,SPFB.GAZP,60,14692.0,14746.0,14670.0,14731.0,8656
2016-06-06 18:00:00,SPFB.GAZP,60,14732.0,14744.0,14604.0,14654.0,20777
2016-06-06 19:00:00,SPFB.GAZP,60,14652.0,14696.0,14610.0,14658.0,14495
2016-06-06 20:00:00,SPFB.GAZP,60,14660.0,14680.0,14610.0,14640.0,4079
2016-06-06 21:00:00,SPFB.GAZP,60,14642.0,14676.0,14631.0,14667.0,2241
2016-06-06 22:00:00,SPFB.GAZP,60,14666.0,14697.0,14665.0,14689.0,1851
2016-06-06 23:00:00,SPFB.GAZP,60,14691.0,14705.0,14676.0,14704.0,1448
2016-06-07 00:00:00,SPFB.GAZP,60,14704.0,14714.0,14691.0,14696.0,2437
2016-06-07 11:00:00,SPFB.GAZP,60,14685.0,14785.0,14649.0,14714.0,32691
2016-06-07 12:00:00,SPFB.GAZP,60,14713.0,14772.0,14681.0,14749.0,18004
2016-06-07 13:00:00,SPFB.GAZP,60,14754.0,14761.0,14703.0,14713.0,8282
2016-06-07 14:00:00,SPFB.GAZP,60,14716.0,14745.0,14712.0,14734.0,4937
2016-06-07 15:00:00,SPFB.GAZP,60,14734.0,14935.0,14734.0,14918.0,34651
2016-06-07 16:00:00,SPFB.GAZP,60,14918.0,14928.0,14866.0,14890.0,13302
2016-06-07 17:00:00,SPFB.GAZP,60,14892.0,14948.0,14851.0,14858.0,21575
2016-06-07 18:00:00,SPFB.GAZP,60,14863.0,14886.0,14780.0,14804.0,14205
2016-06-07 19:00:00,SPFB.GAZP,60,14804.0,14841.0,14759.0,14791.0,13479
2016-06-07 20:00:00,SPFB.GAZP,60,14800.0,14847.0,14787.0,14828.0,4600
2016-06-07 21:00:00,SPFB.GAZP,60,14823.0,14851.0,14819.0,14823.0,2497
2016-06-07 22:00:00,SPFB.GAZP,60,14823.0,14850.0,14811.0,14839.0,1200
2016-06-07 23:00:00,SPFB.GAZP,60,14839.0,14846.0,14811.0,14822.0,1842
2016-06-08 00:00:00,SPFB.GAZP,60,14820.0,14822.0,14775.0,14776.0,4675
2016-06-08 11:00:00,SPFB.GAZP,60,14815.0,14901.0,14732.0,14886.0,32533
2016-06-08 12:00:00,SPFB.GAZP,60,14882.0,14962.0,14773.0,14804.0,36281
2016-06-08 13:00:00,SPFB.GAZP,60,14803.0,14816.0,14733.0,14770.0,21547
2016-06-08 14:00:00,SPFB.GAZP,60,14766.0,14787.0,14693.0,14748.0,18824
2016-06-08 15:00:00,SPFB.GAZP,60,14748.0,14750.0,14624.0,14648.0,18154
2016-06-08 16:00:00,SPFB.GAZP,60,14645.0,14646.0,14582.0,14592.0,9492
2016-06-08 17:00:00,SPFB.GAZP,60,14589.0,14701.0,14583.0,14694.0,12463
2016-06-08 18:00:00,SPFB.GAZP,60,14694.0,14720.0,14601.0,14615.0,26967
2016-06-08 19:00:00,SPFB.GAZP,60,14612.0,14746.0,14600.0,14717.0,19207
2016-06-08 20:00:00,SPFB.GAZP,60,14691.0,14700.0,14660.0,14681.0,3546
2016-06-08 21:00:00,SPFB.GAZP,60,14682.0,14687.0,14649.0,14660.0,1693
2016-06-08 22:00:00,SPFB.GAZP,60,14660.0,14666.0,14646.0,14646.0,853
2016-06-08 23:00:00,SPFB.GAZP,60,14651.0,14668.0,14635.0,14668.0,926
2016-06-09 00:00:00,SPFB.GAZP,60,14665.0,14730.0,14660.0,14712.0,1988
2016-06-09 11:00:00,SPFB.GAZP,60,14727.0,14731.0,14503.0,14559.0,42552
2016-06-09 12:00:00,SPFB.GAZP,60,14558.0,14597.0,14487.0,14524.0,20515
2016-06-09 13:00:00,SPFB.GAZP,60,14524.0,14551.0,14463.0,14547.0,13694
2016-06-09 14:00:00,SPFB.GAZP,60,14547.0,14547.0,14467.0,14515.0,13354
2016-06-09 15:00:00,SPFB.GAZP,60,14515.0,14527.0,14466.0,14474.0,10339
2016-06-09 16:00:00,SPFB.GAZP,60,14474.0,14516.0,14466.0,14487.0,9461
2016-06-09 17:00:00,SPFB.GAZP,60,14486.0,14535.0,14447.0,14506.0,13405
2016-06-09 18:00:00,SPFB.GAZP,60,14501.0,14557.0,14490.0,14528.0,11732
2016-06-09 19:00:00,SPFB.GAZP,60,14528.0,14603.0,14516.0,14558.0,18223
2016-06-09 20:00:00,SPFB.GAZP,60,14538.0,14548.0,14510.0,14522.0,3310
2016-06-09 21:00:00,SPFB.GAZP,60,14523.0,14545.0,14520.0,14531.0,1364
2016-06-09 22:00:00,SPFB.GAZP,60,14531.0,14537.0,14515.0,14523.0,1151
2016-06-09 23:00:00,SPFB.GAZP,60,14519.0,14543.0,14519.0,14538.0,1453
2016-06-10 00:00:00,SPFB.GAZP,60,14540.0,14569.0,14522.0,14569.0,1649
2016-06-10 11:00:00,SPFB.GAZP,60,14191.0,14191.0,14095.0,14095.0,14556
2016-06-10 12:00:00,SPFB.GAZP,60,14095.0,14148.0,14080.0,14130.0,723
2016-06-10 13:00:00,SPFB.GAZP,60,14124.0,14155.0,14112.0,14115.0,1135
2016-06-10 14:00:00,SPFB.GAZP,60,14115.0,14171.0,14051.0,14062.0,4060
2016-06-10 15:00:00,SPFB.GAZP,60,14063.0,14072.0,14000.0,14005.0,2352
2016-06-10 16:00:00,SPFB.GAZP,60,14003.0,14044.0,13985.0,14007.0,3358
2016-06-10 17:00:00,SPFB.GAZP,60,14008.0,14040.0,13964.0,14003.0,3056
2016-06-10 18:00:00,SPFB.GAZP,60,13997.0,14070.0,13983.0,13997.0,2904
2016-06-10 19:00:00,SPFB.GAZP,60,13997.0,14012.0,13977.0,14005.0,1954
2016-06-10 20:00:00,SPFB.GAZP,60,13967.0,14041.0,13967.0,14026.0,561
2016-06-10 21:00:00,SPFB.GAZP,60,14026.0,14040.0,14017.0,14020.0,481
2016-06-10 22:00:00,SPFB.GAZP,60,14019.0,14050.0,14005.0,14045.0,657
2016-06-10 23:00:00,SPFB.GAZP,60,14048.0,14053.0,14020.0,14020.0,633
2016-06-11 00:00:00,SPFB.GAZP,60,14025.0,14043.0,14023.0,14043.0,196
2016-06-14 11:00:00,SPFB.GAZP,60,14033.0,14033.0,13813.0,13826.0,13829
2016-06-14 12:00:00,SPFB.GAZP,60,13828.0,13840.0,13770.0,13790.0,9052
2016-06-14 13:00:00,SPFB.GAZP,60,13790.0,13825.0,13736.0,13780.0,8055
2016-06-14 14:00:00,SPFB.GAZP,60,13776.0,13789.0,13750.0,13781.0,4904
2016-06-14 15:00:00,SPFB.GAZP,60,13784.0,13816.0,13761.0,13793.0,6444
2016-06-14 16:00:00,SPFB.GAZP,60,13792.0,13862.0,13781.0,13860.0,3555
2016-06-14 17:00:00,SPFB.GAZP,60,13861.0,13938.0,13847.0,13912.0,9093
2016-06-14 18:00:00,SPFB.GAZP,60,13913.0,13922.0,13810.0,13832.0,5667
2016-06-14 19:00:00,SPFB.GAZP,60,13832.0,13879.0,13826.0,13879.0,2664
2016-06-14 20:00:00,SPFB.GAZP,60,13887.0,13911.0,13849.0,13893.0,2228
2016-06-14 21:00:00,SPFB.GAZP,60,13894.0,13898.0,13743.0,13743.0,2586
2016-06-14 22:00:00,SPFB.GAZP,60,13744.0,13814.0,13743.0,13801.0,1821
2016-06-14 23:00:00,SPFB.GAZP,60,13802.0,13845.0,13802.0,13838.0,1231
2016-06-15 00:00:00,SPFB.GAZP,60,13843.0,13849.0,13780.0,13797.0,1229
2016-06-15 11:00:00,SPFB.GAZP,60,13808.0,13877.0,13718.0,13743.0,33729
2016-06-15 12:00:00,SPFB.GAZP,60,13743.0,13865.0,13724.0,13850.0,20400
2016-06-15 13:00:00,SPFB.GAZP,60,13850.0,13923.0,13790.0,13847.0,21415
2016-06-15 14:00:00,SPFB.GAZP,60,13847.0,13887.0,13814.0,13878.0,9989
2016-06-15 15:00:00,SPFB.GAZP,60,13878.0,13948.0,13870.0,13925.0,9834
2016-06-15 16:00:00,SPFB.GAZP,60,13925.0,13961.0,13868.0,13919.0,13724
2016-06-15 17:00:00,SPFB.GAZP,60,13918.0,13926.0,13780.0,13820.0,13218
2016-06-15 18:00:00,SPFB.GAZP,60,13823.0,13921.0,13811.0,13870.0,10966
2016-06-15 19:00:00,SPFB.GAZP,60,13870.0,13907.0,13857.0,13874.0,7819
2016-06-15 20:00:00,SPFB.GAZP,60,13920.0,13980.0,13851.0,13858.0,4389
2016-06-15 21:00:00,SPFB.GAZP,60,13862.0,13954.0,13794.0,13924.0,13240
2016-06-15 22:00:00,SPFB.GAZP,60,13924.0,13961.0,13900.0,13911.0,4101
2016-06-15 23:00:00,SPFB.GAZP,60,13911.0,13949.0,13861.0,13870.0,3610
2016-06-16 00:00:00,SPFB.GAZP,60,13870.0,13901.0,13851.0,13863.0,2416
2016-06-16 11:00:00,SPFB.GAZP,60,13850.0,13850.0,13729.0,13742.0,37659
2016-06-16 12:00:00,SPFB.GAZP,60,13737.0,13745.0,13628.0,13633.0,22751
2016-06-16 13:00:00,SPFB.GAZP,60,13632.0,13698.0,13609.0,13676.0,18449
2016-06-16 14:00:00,SPFB.GAZP,60,13670.0,13690.0,13628.0,13657.0,7056
2016-06-16 15:00:00,SPFB.GAZP,60,13657.0,13658.0,13570.0,13600.0,8598
2016-06-16 16:00:00,SPFB.GAZP,60,13600.0,13611.0,13550.0,13580.0,11349
2016-06-16 17:00:00,SPFB.GAZP,60,13577.0,13638.0,13556.0,13559.0,16422
2016-06-16 18:00:00,SPFB.GAZP,60,13558.0,13580.0,13514.0,13571.0,16427
2016-06-16 19:00:00,SPFB.GAZP,60,13569.0,13664.0,13563.0,13639.0,14335
2016-06-16 20:00:00,SPFB.GAZP,60,13647.0,13743.0,13607.0,13713.0,7443
2016-06-16 21:00:00,SPFB.GAZP,60,13716.0,13739.0,13700.0,13700.0,10656
2016-06-16 22:00:00,SPFB.GAZP,60,13701.0,13743.0,13682.0,13717.0,3644
2016-06-16 23:00:00,SPFB.GAZP,60,13714.0,13730.0,13698.0,13698.0,2194
2016-06-17 00:00:00,SPFB.GAZP,60,13698.0,13748.0,13698.0,13724.0,2193
2016-06-17 11:00:00,SPFB.GAZP,60,13726.0,13831.0,13706.0,13808.0,50416
2016-06-17 12:00:00,SPFB.GAZP,60,13808.0,13896.0,13808.0,13889.0,24295
2016-06-17 13:00:00,SPFB.GAZP,60,13889.0,13900.0,13844.0,13852.0,16401
2016-06-17 14:00:00,SPFB.GAZP,60,13856.0,13877.0,13824.0,13826.0,7469
2016-06-17 15:00:00,SPFB.GAZP,60,13831.0,13872.0,13794.0,13857.0,10130
2016-06-17 16:00:00,SPFB.GAZP,60,13862.0,13899.0,13834.0,13847.0,12728
2016-06-17 17:00:00,SPFB.GAZP,60,13846.0,13877.0,13766.0,13783.0,22491
2016-06-17 18:00:00,SPFB.GAZP,60,13781.0,13873.0,13755.0,13803.0,23132
2016-06-17 19:00:00,SPFB.GAZP,60,13803.0,13808.0,13666.0,13690.0,29274
2016-06-17 20:00:00,SPFB.GAZP,60,13698.0,13712.0,13646.0,13695.0,5550
2016-06-17 21:00:00,SPFB.GAZP,60,13696.0,13720.0,13686.0,13720.0,1692
2016-06-17 22:00:00,SPFB.GAZP,60,13719.0,13740.0,13706.0,13735.0,4275
2016-06-17 23:00:00,SPFB.GAZP,60,13735.0,13743.0,13720.0,13730.0,1269
2016-06-18 00:00:00,SPFB.GAZP,60,13733.0,13745.0,13720.0,13735.0,1283
2016-06-20 11:00:00,SPFB.GAZP,60,13746.0,13960.0,13746.0,13951.0,36528
2016-06-20 12:00:00,SPFB.GAZP,60,13954.0,13987.0,13892.0,13926.0,19845
2016-06-20 13:00:00,SPFB.GAZP,60,13927.0,14031.0,13926.0,14014.0,28230
2016-06-20 14:00:00,SPFB.GAZP,60,14016.0,14025.0,13973.0,13988.0,8901
2016-06-20 15:00:00,SPFB.GAZP,60,13984.0,14038.0,13964.0,13971.0,11042
2016-06-20 16:00:00,SPFB.GAZP,60,13971.0,13990.0,13937.0,13939.0,10410
2016-06-20 17:00:00,SPFB.GAZP,60,13938.0,13953.0,13871.0,13924.0,16568
2016-06-20 18:00:00,SPFB.GAZP,60,13926.0,13957.0,13823.0,13842.0,21340
2016-06-20 19:00:00,SPFB.GAZP,60,13842.0,13959.0,13841.0,13947.0,12186
2016-06-20 20:00:00,SPFB.GAZP,60,13950.0,13957.0,13912.0,13932.0,2621
2016-06-20 21:00:00,SPFB.GAZP,60,13927.0,13954.0,13920.0,13947.0,943
2016-06-20 22:00:00,SPFB.GAZP,60,13946.0,13973.0,13943.0,13960.0,2394
2016-06-20 23:00:00,SPFB.GAZP,60,13963.0,13977.0,13950.0,13960.0,1170
2016-06-21 00:00:00,SPFB.GAZP,60,13959.0,13960.0,13935.0,13955.0,1733
2016-06-21 11:00:00,SPFB.GAZP,60,13950.0,13968.0,13840.0,13874.0,22607
2016-06-21 12:00:00,SPFB.GAZP,60,13879.0,13882.0,13801.0,13820.0,14467
2016-06-21 13:00:00,SPFB.GAZP,60,13817.0,13994.0,13780.0,13986.0,28703
2016-06-21 14:00:00,SPFB.GAZP,60,13988.0,14051.0,13959.0,13976.0,22056
2016-06-21 15:00:00,SPFB.GAZP,60,13976.0,13980.0,13827.0,13827.0,30354
2016-06-21 16:00:00,SPFB.GAZP,60,13827.0,13888.0,13812.0,13882.0,10684
2016-06-21 17:00:00,SPFB.GAZP,60,13879.0,13926.0,13849.0,13882.0,9247
2016-06-21 18:00:00,SPFB.GAZP,60,13882.0,13912.0,13820.0,13909.0,12519
2016-06-21 19:00:00,SPFB.GAZP,60,13911.0,13978.0,13903.0,13978.0,17502
2016-06-21 20:00:00,SPFB.GAZP,60,13950.0,14008.0,13946.0,13990.0,3091
2016-06-21 21:00:00,SPFB.GAZP,60,13997.0,14000.0,13972.0,13986.0,1483
2016-06-21 22:00:00,SPFB.GAZP,60,13985.0,14028.0,13978.0,14014.0,3529
2016-06-21 23:00:00,SPFB.GAZP,60,14010.0,14014.0,13982.0,13987.0,1210
2016-06-22 00:00:00,SPFB.GAZP,60,13983.0,14039.0,13974.0,14020.0,2731
2016-06-22 11:00:00,SPFB.GAZP,60,14026.0,14050.0,13943.0,13981.0,23573
2016-06-22 12:00:00,SPFB.GAZP,60,13988.0,14039.0,13961.0,14037.0,12666
2016-06-22 13:00:00,SPFB.GAZP,60,14038.0,14059.0,13989.0,14046.0,8208
2016-06-22 14:00:00,SPFB.GAZP,60,14048.0,14055.0,14007.0,14045.0,7180
2016-06-22 15:00:00,SPFB.GAZP,60,14048.0,14080.0,13982.0,14027.0,10362
2016-06-22 16:00:00,SPFB.GAZP,60,14028.0,14055.0,14010.0,14018.0,4590
2016-06-22 17:00:00,SPFB.GAZP,60,14017.0,14062.0,13970.0,14007.0,14494
2016-06-22 18:00:00,SPFB.GAZP,60,14006.0,14071.0,13946.0,13962.0,21510
2016-06-22 19:00:00,SPFB.GAZP,60,13959.0,13978.0,13895.0,13900.0,19157
2016-06-22 20:00:00,SPFB.GAZP,60,13896.0,13925.0,13880.0,13914.0,2874
2016-06-22 21:00:00,SPFB.GAZP,60,13910.0,13913.0,13833.0,13882.0,4996
2016-06-22 22:00:00,SPFB.GAZP,60,13885.0,13910.0,13854.0,13887.0,3321
2016-06-22 23:00:00,SPFB.GAZP,60,13888.0,13889.0,13860.0,13867.0,2129
2016-06-23 00:00:00,SPFB.GAZP,60,13867.0,13889.0,13848.0,13851.0,1082
2016-06-23 11:00:00,SPFB.GAZP,60,13863.0,13935.0,13767.0,13804.0,22339
2016-06-23 12:00:00,SPFB.GAZP,60,13805.0,13886.0,13795.0,13877.0,10744
2016-06-23 13:00:00,SPFB.GAZP,60,13880.0,14026.0,13865.0,14017.0,22634
2016-06-23 14:00:00,SPFB.GAZP,60,14020.0,14049.0,13982.0,13994.0,15115
2016-06-23 15:00:00,SPFB.GAZP,60,13991.0,14045.0,13974.0,13984.0,6620
2016-06-23 16:00:00,SPFB.GAZP,60,13984.0,14013.0,13926.0,13975.0,8371
2016-06-23 17:00:00,SPFB.GAZP,60,13969.0,13979.0,13848.0,13919.0,19339
2016-06-23 18:00:00,SPFB.GAZP,60,13919.0,14012.0,13912.0,13947.0,15811
2016-06-23 19:00:00,SPFB.GAZP,60,13946.0,14050.0,13945.0,14033.0,16171
2016-06-23 20:00:00,SPFB.GAZP,60,14032.0,14068.0,13980.0,14040.0,3296
2016-06-01 01:00:00,GBPUSD,60,1.448,1.4485,1.4474,1.4482,13265
2016-06-01 02:00:00,GBPUSD,60,1.4482,1.4495,1.448,1.4493,39789
2016-06-01 03:00:00,GBPUSD,60,1.4493,1.4495,1.4475,1.4483,25094
2016-06-01 04:00:00,GBPUSD,60,1.4483,1.4483,1.4457,1.4467,52081
2016-06-01 05:00:00,GBPUSD,60,1.4467,1.4499,1.4464,1.4484,56252
2016-06-01 06:00:00,GBPUSD,60,1.4484,1.4494,1.448,1.4489,34939
2016-06-01 07:00:00,GBPUSD,60,1.4489,1.4489,1.4478,1.4487,33370
2016-06-01 08:00:00,GBPUSD,60,1.4487,1.4491,1.4479,1.4486,27305
2016-06-01 09:00:00,GBPUSD,60,1.4486,1.4497,1.4472,1.4496,63949
2016-06-01 10:00:00,GBPUSD,60,1.4497,1.45,1.4449,1.4473,89311
2016-06-01 11:00:00,GBPUSD,60,1.4473,1.4496,1.4449,1.449,99717
2016-06-01 12:00:00,GBPUSD,60,1.4489,1.4508,1.4447,1.446,109714
2016-06-01 13:00:00,GBPUSD,60,1.446,1.448,1.4437,1.4456,96123
2016-06-01 14:00:00,GBPUSD,60,1.4455,1.4464,1.4441,1.4445,78880
2016-06-01 15:00:00,GBPUSD,60,1.4445,1.4452,1.4422,1.4439,90417
2016-06-01 16:00:00,GBPUSD,60,1.4439,1.4455,1.442,1.4426,101619
2016-06-01 17:00:00,GBPUSD,60,1.4425,1.443,1.4405,1.4425,94698
2016-06-01 18:00:00,GBPUSD,60,1.4424,1.4432,1.4403,1.4414,123672
2016-06-01 19:00:00,GBPUSD,60,1.4414,1.4416,1.439,1.4392,97542
2016-06-01 20:00:00,GBPUSD,60,1.4392,1.4423,1.4384,1.4422,70631
2016-06-01 21:00:00,GBPUSD,60,1.4422,1.4427,1.4409,1.4411,54802
2016-06-01 22:00:00,GBPUSD,60,1.4411,1.4418,1.4401,1.4406,44333
2016-06-01 23:00:00,GBPUSD,60,1.4406,1.4416,1.4403,1.4409,39926
2016-06-02 00:00:00,GBPUSD,60,1.4409,1.4416,1.4406,1.4414,27767
2016-06-02 01:00:00,GBPUSD,60,1.4414,1.4418,1.4402,1.4411,16507
2016-06-02 02:00:00,GBPUSD,60,1.4412,1.4419,1.4404,1.4414,29362
2016-06-02 03:00:00,GBPUSD,60,1.4414,1.4419,1.4408,1.4419,17663
2016-06-02 04:00:00,GBPUSD,60,1.4419,1.4421,1.4409,1.4417,34217
2016-06-02 05:00:00,GBPUSD,60,1.4417,1.4428,1.4412,1.4423,45197
2016-06-02 06:00:00,GBPUSD,60,1.4422,1.4427,1.4416,1.4423,49609
2016-06-02 07:00:00,GBPUSD,60,1.4422,1.4427,1.4419,1.4422,33959
2016-06-02 08:00:00,GBPUSD,60,1.4422,1.4441,1.4419,1.4441,35376
2016-06-02 09:00:00,GBPUSD,60,1.444,1.4443,1.443,1.4434,31855
2016-06-02 10:00:00,GBPUSD,60,1.4434,1.4449,1.4419,1.4437,67208
2016-06-02 11:00:00,GBPUSD,60,1.4437,1.4451,1.4424,1.4439,95553
2016-06-02 12:00:00,GBPUSD,60,1.4439,1.4468,1.4415,1.4442,85956
2016-06-02 13:00:00,GBPUSD,60,1.4442,1.4446,1.4427,1.444,73135
2016-06-02 14:00:00,GBPUSD,60,1.4439,1.4444,1.442,1.4431,73317
2016-06-02 15:00:00,GBPUSD,60,1.4431,1.4457,1.4423,1.4454,74737
2016-06-02 16:00:00,GBPUSD,60,1.4454,1.4473,1.4435,1.4448,113670
2016-06-02 17:00:00,GBPUSD,60,1.4448,1.4458,1.4418,1.4442,108485
2016-06-02 18:00:00,GBPUSD,60,1.444,1.4462,1.4431,1.4445,98363
2016-06-02 19:00:00,GBPUSD,60,1.4446,1.4452,1.4411,1.4416,86686
2016-06-02 20:00:00,GBPUSD,60,1.4416,1.4437,1.4413,1.4436,56924
2016-06-02 21:00:00,GBPUSD,60,1.4436,1.4442,1.4426,1.4434,44324
2016-06-02 22:00:00,GBPUSD,60,1.4434,1.4439,1.4424,1.4429,38373
2016-06-02 23:00:00,GBPUSD,60,1.4428,1.4435,1.4425,1.4429,31821
2016-06-03 00:00:00,GBPUSD,60,1.4429,1.4431,1.4417,1.4421,33587
2016-06-03 01:00:00,GBPUSD,60,1.4421,1.4426,1.441,1.4415,11666
2016-06-03 02:00:00,GBPUSD,60,1.4414,1.4421,1.4408,1.4412,31830
2016-06-03 03:00:00,GBPUSD,60,1.4412,1.4417,1.44,1.4406,26517
2016-06-03 04:00:00,GBPUSD,60,1.4405,1.4416,1.4398,1.4404,48653
2016-06-03 05:00:00,GBPUSD,60,1.4403,1.4411,1.4397,1.4406,37453
2016-06-03 06:00:00,GBPUSD,60,1.4406,1.441,1.4399,1.4402,27632
2016-06-03 07:00:00,GBPUSD,60,1.4402,1.4421,1.4399,1.4418,31488
2016-06-03 08:00:00,GBPUSD,60,1.4418,1.4423,1.4405,1.4408,43635
2016-06-03 09:00:00,GBPUSD,60,1.4408,1.4413,1.4405,1.4408,33904
2016-06-03 10:00:00,GBPUSD,60,1.4409,1.4419,1.4402,1.4415,59821
2016-06-03 11:00:00,GBPUSD,60,1.4413,1.4447,1.4408,1.4427,95996
2016-06-03 12:00:00,GBPUSD,60,1.4428,1.4436,1.4411,1.4433,80836
2016-06-03 13:00:00,GBPUSD,60,1.4432,1.4433,1.4397,1.4412,75102
2016-06-03 14:00:00,GBPUSD,60,1.4411,1.4422,1.4402,1.4407,56591
2016-06-03 15:00:00,GBPUSD,60,1.4407,1.4423,1.4404,1.4418,63866
2016-06-03 16:00:00,GBPUSD,60,1.4418,1.4536,1.4414,1.4528,101689
2016-06-03 17:00:00,GBPUSD,60,1.4526,1.4582,1.4523,1.4554,133509
2016-06-03 18:00:00,GBPUSD,60,1.4554,1.457,1.4498,1.4516,123689
2016-06-03 19:00:00,GBPUSD,60,1.4517,1.4534,1.4514,1.4518,86449
2016-06-03 20:00:00,GBPUSD,60,1.4517,1.4526,1.4512,1.4517,62942
2016-06-03 21:00:00,GBPUSD,60,1.4517,1.4533,1.4514,1.4531,53800
2016-06-03 22:00:00,GBPUSD,60,1.4531,1.4532,1.4501,1.4512,49027
2016-06-03 23:00:00,GBPUSD,60,1.4513,1.4521,1.4508,1.4518,38267
2016-06-04 00:00:00,GBPUSD,60,1.4519,1.4526,1.4507,1.4521,39166
2016-06-04 01:00:00,GBPUSD,60,1.4519,1.4519,1.451,1.4512,50
2016-06-05 23:00:00,GBPUSD,60,1.4499,1.452,1.4488,1.4492,318
2016-06-06 00:00:00,GBPUSD,60,1.4491,1.4493,1.4461,1.4464,653
2016-06-06 01:00:00,GBPUSD,60,1.4465,1.448,1.4455,1.4478,10999
2016-06-06 02:00:00,GBPUSD,60,1.4478,1.4482,1.4461,1.4463,33182
2016-06-06 03:00:00,GBPUSD,60,1.4463,1.4464,1.4351,1.4387,70732
2016-06-06 04:00:00,GBPUSD,60,1.4387,1.441,1.4384,1.4397,61864
2016-06-06 05:00:00,GBPUSD,60,1.4396,1.4402,1.4382,1.4387,39483
2016-06-06 06:00:00,GBPUSD,60,1.4386,1.44,1.4378,1.4398,47351
2016-06-06 07:00:00,GBPUSD,60,1.4398,1.4399,1.4378,1.4381,40407
2016-06-06 08:00:00,GBPUSD,60,1.4381,1.4399,1.4378,1.4397,44126
2016-06-06 09:00:00,GBPUSD,60,1.4397,1.4401,1.4373,1.4378,38464
2016-06-06 10:00:00,GBPUSD,60,1.4378,1.4389,1.4353,1.4374,87101
2016-06-06 11:00:00,GBPUSD,60,1.4374,1.4435,1.4366,1.4422,104641
2016-06-06 12:00:00,GBPUSD,60,1.4422,1.4463,1.4418,1.4432,95078
2016-06-06 13:00:00,GBPUSD,60,1.4432,1.4445,1.4382,1.4388,85145
2016-06-06 14:00:00,GBPUSD,60,1.4388,1.4404,1.4363,1.4393,93636
2016-06-06 15:00:00,GBPUSD,60,1.4393,1.4427,1.4388,1.4392,73647
2016-06-06 16:00:00,GBPUSD,60,1.4392,1.4421,1.439,1.441,80303
2016-06-06 17:00:00,GBPUSD,60,1.4411,1.4435,1.4403,1.443,98318
2016-06-06 18:00:00,GBPUSD,60,1.4429,1.447,1.4427,1.4463,101731
2016-06-06 19:00:00,GBPUSD,60,1.4463,1.4474,1.4445,1.4448,84109
2016-06-06 20:00:00,GBPUSD,60,1.4448,1.4465,1.4426,1.4461,101861
2016-06-06 21:00:00,GBPUSD,60,1.4461,1.4473,1.4431,1.4453,79660
2016-06-06 22:00:00,GBPUSD,60,1.4454,1.4465,1.445,1.4458,47215
2016-06-06 23:00:00,GBPUSD,60,1.4458,1.4467,1.445,1.4459,41286
2016-06-07 00:00:00,GBPUSD,60,1.4459,1.446,1.4435,1.4439,36833
2016-06-07 01:00:00,GBPUSD,60,1.4439,1.4456,1.4434,1.4454,20224
2016-06-07 02:00:00,GBPUSD,60,1.4454,1.4457,1.4441,1.4455,41525
2016-06-07 03:00:00,GBPUSD,60,1.4454,1.4465,1.445,1.4457,25472
2016-06-07 04:00:00,GBPUSD,60,1.4456,1.4467,1.4451,1.4456,43094
2016-06-07 05:00:00,GBPUSD,60,1.4456,1.4465,1.4451,1.4456,33543
2016-06-07 06:00:00,GBPUSD,60,1.4455,1.4468,1.4451,1.4462,33825
2016-06-07 07:00:00,GBPUSD,60,1.4463,1.4479,1.446,1.4476,33971
2016-06-07 08:00:00,GBPUSD,60,1.4476,1.4662,1.4473,1.4525,101888
2016-06-07 09:00:00,GBPUSD,60,1.4523,1.4531,1.4497,1.4504,61146
2016-06-07 10:00:00,GBPUSD,60,1.4504,1.4531,1.4491,1.4504,76853
2016-06-07 11:00:00,GBPUSD,60,1.4504,1.4535,1.4495,1.4521,80211
2016-06-07 12:00:00,GBPUSD,60,1.4521,1.4597,1.4518,1.4595,91169
2016-06-07 13:00:00,GBPUSD,60,1.4596,1.4609,1.4576,1.4579,92189
2016-06-07 14:00:00,GBPUSD,60,1.4579,1.4597,1.4562,1.4588,75165
2016-06-07 15:00:00,GBPUSD,60,1.4588,1.4593,1.4565,1.4574,71640
2016-06-07 16:00:00,GBPUSD,60,1.4574,1.458,1.4553,1.4559,85386
2016-06-07 17:00:00,GBPUSD,60,1.4559,1.4576,1.4545,1.4571,93212
2016-06-07 18:00:00,GBPUSD,60,1.4571,1.4594,1.4523,1.4558,101022
2016-06-07 19:00:00,GBPUSD,60,1.4558,1.4579,1.4552,1.4563,75896
2016-06-07 20:00:00,GBPUSD,60,1.4562,1.4568,1.4541,1.4549,52023
2016-06-07 21:00:00,GBPUSD,60,1.4549,1.4559,1.4544,1.455,43430
2016-06-07 22:00:00,GBPUSD,60,1.4549,1.4565,1.4543,1.4549,45166
2016-06-07 23:00:00,GBPUSD,60,1.4549,1.4552,1.4536,1.4542,31960
2016-06-08 00:00:00,GBPUSD,60,1.4541,1.4545,1.4531,1.4542,33089
2016-06-08 01:00:00,GBPUSD,60,1.4542,1.4546,1.4533,1.454,16831
2016-06-08 02:00:00,GBPUSD,60,1.4539,1.4544,1.4533,1.4538,29790
2016-06-08 03:00:00,GBPUSD,60,1.4538,1.4544,1.4533,1.4542,23538
2016-06-08 04:00:00,GBPUSD,60,1.4541,1.4548,1.453,1.4546,45082
2016-06-08 05:00:00,GBPUSD,60,1.4546,1.4559,1.4533,1.4541,47643
2016-06-08 06:00:00,GBPUSD,60,1.4541,1.4548,1.4535,1.4541,34502
2016-06-08 07:00:00,GBPUSD,60,1.4541,1.4557,1.4536,1.4557,43755
2016-06-08 08:00:00,GBPUSD,60,1.4556,1.4558,1.454,1.4551,34210
2016-06-08 09:00:00,GBPUSD,60,1.455,1.4558,1.4547,1.4554,32291
2016-06-08 10:00:00,GBPUSD,60,1.4554,1.456,1.4535,1.4546,55836
2016-06-08 11:00:00,GBPUSD,60,1.4546,1.4554,1.4499,1.452,85369
2016-06-08 12:00:00,GBPUSD,60,1.4519,1.458,1.4517,1.4532,88452
2016-06-08 13:00:00,GBPUSD,60,1.4532,1.4552,1.4525,1.4545,67156
2016-06-08 14:00:00,GBPUSD,60,1.4545,1.4575,1.4536,1.4568,69446
2016-06-08 15:00:00,GBPUSD,60,1.4569,1.4601,1.4552,1.4592,86356
2016-06-08 16:00:00,GBPUSD,60,1.4593,1.4598,1.4558,1.4564,93696
2016-06-08 17:00:00,GBPUSD,60,1.4564,1.4581,1.4557,1.4566,92206
2016-06-08 18:00:00,GBPUSD,60,1.4566,1.4569,1.4545,1.455,94532
2016-06-08 19:00:00,GBPUSD,60,1.4551,1.4561,1.4537,1.4546,79445
2016-06-08 20:00:00,GBPUSD,60,1.4546,1.4566,1.4532,1.4533,59027
2016-06-08 21:00:00,GBPUSD,60,1.4534,1.4538,1.4508,1.4512,56158
2016-06-08 22:00:00,GBPUSD,60,1.4512,1.4514,1.4499,1.4502,46601
2016-06-08 23:00:00,GBPUSD,60,1.4502,1.451,1.4499,1.4504,36510
2016-06-09 00:00:00,GBPUSD,60,1.4503,1.4507,1.4497,1.4501,33354
2016-06-09 01:00:00,GBPUSD,60,1.4503,1.452,1.4499,1.4512,28595
2016-06-09 02:00:00,GBPUSD,60,1.4511,1.4518,1.4504,1.451,33895
2016-06-09 03:00:00,GBPUSD,60,1.451,1.4523,1.4504,1.4513,32556
2016-06-09 04:00:00,GBPUSD,60,1.4512,1.4521,1.4508,1.4509,38088
2016-06-09 05:00:00,GBPUSD,60,1.4509,1.4511,1.4492,1.4499,57659
2016-06-09 06:00:00,GBPUSD,60,1.4499,1.4507,1.4497,1.4503,37249
2016-06-09 07:00:00,GBPUSD,60,1.4503,1.4509,1.45,1.4504,31533
2016-06-09 08:00:00,GBPUSD,60,1.4504,1.4505,1.4489,1.4504,38331
2016-06-09 09:00:00,GBPUSD,60,1.4504,1.4515,1.4497,1.4502,37043
2016-06-09 10:00:00,GBPUSD,60,1.4502,1.4527,1.4499,1.4516,61893
2016-06-09 11:00:00,GBPUSD,60,1.4516,1.4516,1.4449,1.4464,104183
2016-06-09 12:00:00,GBPUSD,60,1.4464,1.4474,1.4445,1.4469,86119
2016-06-09 13:00:00,GBPUSD,60,1.4468,1.4472,1.4447,1.4465,71780
2016-06-09 14:00:00,GBPUSD,60,1.4466,1.4473,1.4443,1.4465,74247
2016-06-09 15:00:00,GBPUSD,60,1.4465,1.4472,1.4456,1.4458,68479
2016-06-09 16:00:00,GBPUSD,60,1.4459,1.4508,1.4451,1.4495,82037
2016-06-09 17:00:00,GBPUSD,60,1.4495,1.4499,1.4461,1.447,92842
2016-06-09 18:00:00,GBPUSD,60,1.447,1.4485,1.4456,1.4465,86318
2016-06-09 19:00:00,GBPUSD,60,1.4465,1.4484,1.4462,1.4465,74301
2016-06-09 20:00:00,GBPUSD,60,1.4465,1.4468,1.4445,1.4464,60450
2016-06-09 21:00:00,GBPUSD,60,1.4464,1.447,1.4452,1.4467,46381
2016-06-09 22:00:00,GBPUSD,60,1.4467,1.4484,1.4464,1.4481,50802
2016-06-09 23:00:00,GBPUSD,60,1.4482,1.4493,1.4471,1.4485,46721
2016-06-10 00:00:00,GBPUSD,60,1.4484,1.4485,1.4448,1.4458,45935
2016-06-10 01:00:00,GBPUSD,60,1.4455,1.4463,1.4444,1.4458,26706
2016-06-10 02:00:00,GBPUSD,60,1.4459,1.4464,1.4454,1.4463,40280
2016-06-10 03:00:00,GBPUSD,60,1.4462,1.4464,1.4457,1.4463,24768
2016-06-10 04:00:00,GBPUSD,60,1.4463,1.4464,1.4444,1.4453,44066
2016-06-10 05:00:00,GBPUSD,60,1.4453,1.4457,1.4448,1.4455,34584
2016-06-10 06:00:00,GBPUSD,60,1.4455,1.4457,1.4449,1.4452,26321
2016-06-10 07:00:00,GBPUSD,60,1.4452,1.4453,1.4443,1.4446,26456
2016-06-10 08:00:00,GBPUSD,60,1.4446,1.4452,1.4439,1.4447,21853
2016-06-10 09:00:00,GBPUSD,60,1.4447,1.4454,1.4432,1.4451,36649
2016-06-10 10:00:00,GBPUSD,60,1.4451,1.4473,1.4441,1.4447,60807
2016-06-10 11:00:00,GBPUSD,60,1.4447,1.4451,1.4409,1.4433,92784
2016-06-10 12:00:00,GBPUSD,60,1.4434,1.4459,1.4424,1.4441,78920
2016-06-10 13:00:00,GBPUSD,60,1.4441,1.4453,1.4427,1.4431,71553
2016-06-10 14:00:00,GBPUSD,60,1.4431,1.4439,1.4413,1.4425,62950
2016-06-10 15:00:00,GBPUSD,60,1.4425,1.4427,1.4392,1.44,68791
2016-06-10 16:00:00,GBPUSD,60,1.44,1.4425,1.4393,1.4405,76417
2016-06-10 17:00:00,GBPUSD,60,1.4406,1.4406,1.4321,1.4343,108791
2016-06-10 18:00:00,GBPUSD,60,1.4343,1.4346,1.431,1.4331,120591
2016-06-10 19:00:00,GBPUSD,60,1.4332,1.436,1.4325,1.4339,94194
2016-06-10 20:00:00,GBPUSD,60,1.4339,1.4356,1.4321,1.4335,64340
2016-06-10 21:00:00,GBPUSD,60,1.4336,1.4352,1.4179,1.4259,93921
2016-06-10 22:00:00,GBPUSD,60,1.4257,1.4271,1.4222,1.4258,91691
2016-06-10 23:00:00,GBPUSD,60,1.4259,1.4269,1.4252,1.426,51948
2016-06-11 00:00:00,GBPUSD,60,1.426,1.428,1.4243,1.4254,38970
2016-06-11 01:00:00,GBPUSD,60,1.4253,1.4256,1.425,1.4251,23
2016-06-12 23:00:00,GBPUSD,60,1.4258,1.4258,1.4206,1.4232,160
2016-06-13 00:00:00,GBPUSD,60,1.423,1.4268,1.423,1.4263,260
2016-06-13 01:00:00,GBPUSD,60,1.4267,1.4271,1.423,1.4236,8131
2016-06-13 02:00:00,GBPUSD,60,1.4237,1.424,1.4213,1.4227,32490
2016-06-13 03:00:00,GBPUSD,60,1.4225,1.4228,1.4157,1.4188,44588
2016-06-13 04:00:00,GBPUSD,60,1.4188,1.4226,1.4186,1.4217,44096
2016-06-13 05:00:00,GBPUSD,60,1.4216,1.4222,1.4169,1.4183,50914
2016-06-13 06:00:00,GBPUSD,60,1.4184,1.4198,1.4179,1.4187,54517
2016-06-13 07:00:00,GBPUSD,60,1.4187,1.4207,1.4177,1.4197,46795
2016-06-13 08:00:00,GBPUSD,60,1.4197,1.42,1.4172,1.4189,47814
2016-06-13 09:00:00,GBPUSD,60,1.4189,1.4207,1.4178,1.4197,53047
2016-06-13 10:00:00,GBPUSD,60,1.4198,1.4222,1.4166,1.4176,85329
2016-06-13 11:00:00,GBPUSD,60,1.4176,1.4206,1.4168,1.4189,114460
2016-06-13 12:00:00,GBPUSD,60,1.4188,1.4203,1.4125,1.4148,97459
2016-06-13 13:00:00,GBPUSD,60,1.4148,1.4153,1.4113,1.4151,106381
2016-06-13 14:00:00,GBPUSD,60,1.415,1.4175,1.4131,1.4157,90082
2016-06-13 15:00:00,GBPUSD,60,1.4158,1.4195,1.4151,1.4178,85631
2016-06-13 16:00:00,GBPUSD,60,1.4178,1.4186,1.416,1.4162,81313
2016-06-13 17:00:00,GBPUSD,60,1.4161,1.4266,1.4146,1.4266,131810
2016-06-13 18:00:00,GBPUSD,60,1.4267,1.432,1.426,1.4279,142903
2016-06-13 19:00:00,GBPUSD,60,1.4279,1.4285,1.4194,1.422,122974
2016-06-13 20:00:00,GBPUSD,60,1.422,1.4328,1.4207,1.4229,102759
2016-06-13 21:00:00,GBPUSD,60,1.4229,1.423,1.4198,1.4204,50554
2016-06-13 22:00:00,GBPUSD,60,1.4204,1.4228,1.4196,1.4223,38015
2016-06-13 23:00:00,GBPUSD,60,1.4224,1.4233,1.422,1.4233,30264
2016-06-14 00:00:00,GBPUSD,60,1.4232,1.4282,1.4228,1.4268,29862
2016-06-14 01:00:00,GBPUSD,60,1.4268,1.4271,1.4201,1.4209,26769
2016-06-14 02:00:00,GBPUSD,60,1.4208,1.4219,1.419,1.4196,48786
2016-06-14 03:00:00,GBPUSD,60,1.4195,1.421,1.4193,1.4204,25051
2016-06-14 04:00:00,GBPUSD,60,1.4203,1.4218,1.4199,1.4216,37507
2016-06-14 05:00:00,GBPUSD,60,1.4216,1.4216,1.4196,1.42,34017
2016-06-14 06:00:00,GBPUSD,60,1.4201,1.4202,1.4176,1.4182,35235
2016-06-14 07:00:00,GBPUSD,60,1.4182,1.4193,1.4176,1.419,26898
2016-06-14 08:00:00,GBPUSD,60,1.419,1.4195,1.4177,1.4183,30158
2016-06-14 09:00:00,GBPUSD,60,1.4183,1.4187,1.4153,1.4165,40772
2016-06-14 10:00:00,GBPUSD,60,1.4165,1.4184,1.4138,1.4155,82872
2016-06-14 11:00:00,GBPUSD,60,1.4155,1.4172,1.4121,1.4131,107935
2016-06-14 12:00:00,GBPUSD,60,1.4132,1.4163,1.4125,1.4136,95633
2016-06-14 13:00:00,GBPUSD,60,1.4135,1.4163,1.411,1.414,95795
2016-06-14 14:00:00,GBPUSD,60,1.4139,1.419,1.413,1.4164,95580
2016-06-14 15:00:00,GBPUSD,60,1.4164,1.4181,1.4122,1.4134,86584
2016-06-14 16:00:00,GBPUSD,60,1.4133,1.4169,1.4106,1.4167,96966
2016-06-14 17:00:00,GBPUSD,60,1.4166,1.4186,1.4127,1.4129,112680
2016-06-14 18:00:00,GBPUSD,60,1.4129,1.4136,1.4094,1.4114,120710
2016-06-14 19:00:00,GBPUSD,60,1.4113,1.4148,1.409,1.4125,93217
2016-06-14 20:00:00,GBPUSD,60,1.4125,1.4153,1.4121,1.4148,56794
2016-06-14 21:00:00,GBPUSD,60,1.4148,1.4152,1.4119,1.4129,48377
2016-06-14 22:00:00,GBPUSD,60,1.4129,1.413,1.4098,1.4102,45231
2016-06-14 23:00:00,GBPUSD,60,1.4102,1.4109,1.4091,1.4107,44088
2016-06-15 00:00:00,GBPUSD,60,1.4106,1.412,1.4101,1.4114,39923
2016-06-15 01:00:00,GBPUSD,60,1.4112,1.4118,1.4091,1.4109,25695
2016-06-15 02:00:00,GBPUSD,60,1.4107,1.4114,1.4104,1.4109,25587
2016-06-15 03:00:00,GBPUSD,60,1.411,1.4123,1.4106,1.4117,18811
2016-06-15 04:00:00,GBPUSD,60,1.4117,1.4126,1.4108,1.4112,37830
2016-06-15 05:00:00,GBPUSD,60,1.4113,1.4132,1.4104,1.4129,39480
2016-06-15 06:00:00,GBPUSD,60,1.4128,1.4136,1.412,1.4133,33827
2016-06-15 07:00:00,GBPUSD,60,1.4132,1.4144,1.4129,1.4142,28222
2016-06-15 08:00:00,GBPUSD,60,1.4142,1.4147,1.4131,1.4138,27927
2016-06-15 09:00:00,GBPUSD,60,1.4138,1.4149,1.4131,1.4144,29674
2016-06-15 10:00:00,GBPUSD,60,1.4143,1.4174,1.4136,1.4162,67562
2016-06-15 11:00:00,GBPUSD,60,1.4162,1.4181,1.4138,1.4172,90078
2016-06-15 12:00:00,GBPUSD,60,1.4172,1.4214,1.4161,1.4191,94857
2016-06-15 13:00:00,GBPUSD,60,1.419,1.4204,1.4179,1.4201,69113
2016-06-15 14:00:00,GBPUSD,60,1.4201,1.4209,1.419,1.4193,81154
2016-06-15 15:00:00,GBPUSD,60,1.4194,1.4211,1.4177,1.4192,81291
2016-06-15 16:00:00,GBPUSD,60,1.4192,1.4203,1.4157,1.4161,58604
2016-06-15 17:00:00,GBPUSD,60,1.4161,1.4189,1.4156,1.4179,40279
2016-06-15 18:00:00,GBPUSD,60,1.4179,1.42,1.4147,1.4194,94757
2016-06-15 19:00:00,GBPUSD,60,1.4192,1.4205,1.4179,1.418,71787
2016-06-15 20:00:00,GBPUSD,60,1.4181,1.419,1.4161,1.4168,62126
2016-06-15 21:00:00,GBPUSD,60,1.4168,1.417,1.4144,1.4157,49744
2016-06-15 22:00:00,GBPUSD,60,1.4161,1.4208,1.4146,1.4177,117865
2016-06-15 23:00:00,GBPUSD,60,1.4176,1.4194,1.4161,1.4188,70643
2016-06-16 00:00:00,GBPUSD,60,1.4187,1.4218,1.4186,1.4204,48809
2016-06-16 01:00:00,GBPUSD,60,1.4203,1.4215,1.419,1.4195,18173
2016-06-16 02:00:00,GBPUSD,60,1.4195,1.4201,1.4192,1.4196,31938
2016-06-16 03:00:00,GBPUSD,60,1.4197,1.42,1.419,1.4193,21629
2016-06-16 04:00:00,GBPUSD,60,1.4193,1.4196,1.4187,1.4192,25584
2016-06-16 05:00:00,GBPUSD,60,1.4192,1.4197,1.4176,1.4179,35365
2016-06-16 06:00:00,GBPUSD,60,1.418,1.4199,1.4173,1.4182,48651
2016-06-16 07:00:00,GBPUSD,60,1.4182,1.4193,1.4179,1.4186,46660
2016-06-16 08:00:00,GBPUSD,60,1.4185,1.4193,1.4167,1.4175,43118
2016-06-16 09:00:00,GBPUSD,60,1.4176,1.4178,1.4156,1.4164,47807
2016-06-16 10:00:00,GBPUSD,60,1.4165,1.4177,1.4119,1.4144,75276
2016-06-16 11:00:00,GBPUSD,60,1.4142,1.4205,1.4136,1.4149,91583
2016-06-16 12:00:00,GBPUSD,60,1.415,1.4196,1.4124,1.4169,99642
2016-06-16 13:00:00,GBPUSD,60,1.4169,1.4178,1.415,1.4158,73279
2016-06-16 14:00:00,GBPUSD,60,1.4158,1.4167,1.4118,1.4122,80720
2016-06-16 15:00:00,GBPUSD,60,1.4125,1.4152,1.4098,1.4137,95769
2016-06-16 16:00:00,GBPUSD,60,1.4137,1.4146,1.4117,1.412,81198
2016-06-16 17:00:00,GBPUSD,60,1.4119,1.4122,1.4075,1.4078,97720
2016-06-16 18:00:00,GBPUSD,60,1.4078,1.4085,1.401,1.4062,117485
2016-06-16 19:00:00,GBPUSD,60,1.4063,1.4093,1.405,1.4074,98657
2016-06-16 20:00:00,GBPUSD,60,1.4073,1.4217,1.4069,1.4177,111378
2016-06-16 21:00:00,GBPUSD,60,1.4176,1.4233,1.4173,1.4209,100507
2016-06-16 22:00:00,GBPUSD,60,1.4209,1.4254,1.4199,1.4205,80198
2016-06-16 23:00:00,GBPUSD,60,1.4205,1.4217,1.4201,1.4212,52657
2016-06-17 00:00:00,GBPUSD,60,1.4212,1.4218,1.4197,1.4201,32629
2016-06-17 01:00:00,GBPUSD,60,1.4203,1.4211,1.4195,1.4208,12952
2016-06-17 02:00:00,GBPUSD,60,1.4205,1.4215,1.4201,1.4211,28370
2016-06-17 03:00:00,GBPUSD,60,1.4211,1.4293,1.4208,1.4292,46379
2016-06-17 04:00:00,GBPUSD,60,1.4292,1.4294,1.4251,1.4269,63805
2016-06-17 05:00:00,GBPUSD,60,1.4269,1.4285,1.4247,1.425,58300
2016-06-17 06:00:00,GBPUSD,60,1.4249,1.4267,1.4246,1.4257,36997
2016-06-17 07:00:00,GBPUSD,60,1.4257,1.4266,1.4251,1.4261,35594
2016-06-17 08:00:00,GBPUSD,60,1.4261,1.4264,1.423,1.4244,44983
2016-06-17 09:00:00,GBPUSD,60,1.4243,1.4267,1.423,1.4253,46209
2016-06-17 10:00:00,GBPUSD,60,1.4253,1.4261,1.4219,1.4239,77520
2016-06-17 11:00:00,GBPUSD,60,1.4239,1.4296,1.4223,1.4263,103887
2016-06-17 12:00:00,GBPUSD,60,1.4262,1.4311,1.4253,1.4292,98968
2016-06-17 13:00:00,GBPUSD,60,1.4293,1.4307,1.4251,1.4256,87400
2016-06-17 14:00:00,GBPUSD,60,1.4255,1.4267,1.4228,1.4254,73040
2016-06-17 15:00:00,GBPUSD,60,1.4255,1.4308,1.4242,1.4298,93765
2016-06-17 16:00:00,GBPUSD,60,1.4298,1.4303,1.426,1.4266,86146
2016-06-17 17:00:00,GBPUSD,60,1.4266,1.4303,1.426,1.428,100240
2016-06-17 18:00:00,GBPUSD,60,1.4281,1.4319,1.427,1.4291,113344
2016-06-17 19:00:00,GBPUSD,60,1.4291,1.4297,1.4259,1.4281,92704
2016-06-17 20:00:00,GBPUSD,60,1.4281,1.4328,1.428,1.4314,69474
2016-06-17 21:00:00,GBPUSD,60,1.4313,1.4347,1.4305,1.4344,60431
2016-06-17 22:00:00,GBPUSD,60,1.4343,1.4388,1.4335,1.4353,71136
2016-06-17 23:00:00,GBPUSD,60,1.4351,1.4364,1.4339,1.4362,43540
2016-06-18 00:00:00,GBPUSD,60,1.4362,1.4364,1.434,1.4358,33158
2016-06-18 01:00:00,GBPUSD,60,1.4352,1.4357,1.4352,1.4357,18
2016-06-19 23:00:00,GBPUSD,60,1.4358,1.4452,1.4355,1.4446,211
2016-06-20 00:00:00,GBPUSD,60,1.4453,1.4471,1.4443,1.447,252
2016-06-20 01:00:00,GBPUSD,60,1.4466,1.4485,1.4448,1.4448,5980
2016-06-20 02:00:00,GBPUSD,60,1.4448,1.4487,1.4431,1.4484,37450
2016-06-20 03:00:00,GBPUSD,60,1.4484,1.4613,1.4472,1.458,53569
2016-06-20 04:00:00,GBPUSD,60,1.458,1.4592,1.4529,1.4575,57714
2016-06-20 05:00:00,GBPUSD,60,1.4576,1.4576,1.4559,1.4563,34040
2016-06-20 06:00:00,GBPUSD,60,1.4563,1.4598,1.456,1.459,45935
2016-06-20 07:00:00,GBPUSD,60,1.459,1.4623,1.4581,1.461,50168
2016-06-20 08:00:00,GBPUSD,60,1.461,1.4613,1.4582,1.4588,39805
2016-06-20 09:00:00,GBPUSD,60,1.4589,1.4594,1.4551,1.4554,46270
2016-06-20 10:00:00,GBPUSD,60,1.4554,1.4595,1.4543,1.4567,92413
2016-06-20 11:00:00,GBPUSD,60,1.4568,1.4609,1.4558,1.4588,97321
2016-06-20 12:00:00,GBPUSD,60,1.4589,1.4673,1.4586,1.465,109428
2016-06-20 13:00:00,GBPUSD,60,1.4651,1.4651,1.4607,1.4638,85940
2016-06-20 14:00:00,GBPUSD,60,1.4636,1.4649,1.4598,1.4622,79957
2016-06-20 15:00:00,GBPUSD,60,1.4622,1.4664,1.4618,1.4635,79896
2016-06-20 16:00:00,GBPUSD,60,1.4633,1.4662,1.4624,1.4642,83986
2016-06-20 17:00:00,GBPUSD,60,1.4642,1.4662,1.4625,1.4653,94289
2016-06-20 18:00:00,GBPUSD,60,1.4652,1.4696,1.4638,1.4693,101334
2016-06-20 19:00:00,GBPUSD,60,1.4694,1.4708,1.4672,1.4687,103464
2016-06-20 20:00:00,GBPUSD,60,1.4687,1.47,1.4666,1.4678,59909
2016-06-20 21:00:00,GBPUSD,60,1.4677,1.469,1.4581,1.4676,86003
2016-06-20 22:00:00,GBPUSD,60,1.4677,1.4697,1.4662,1.4694,62715
2016-06-20 23:00:00,GBPUSD,60,1.4695,1.4696,1.468,1.4685,55806
2016-06-21 00:00:00,GBPUSD,60,1.4686,1.4719,1.4647,1.4694,57922
2016-06-21 01:00:00,GBPUSD,60,1.4692,1.4698,1.4633,1.4674,17453
2016-06-21 02:00:00,GBPUSD,60,1.4675,1.4697,1.4659,1.4672,48687
2016-06-21 03:00:00,GBPUSD,60,1.4672,1.4686,1.466,1.4671,32733
2016-06-21 04:00:00,GBPUSD,60,1.4672,1.4674,1.4639,1.4649,47483
2016-06-21 05:00:00,GBPUSD,60,1.465,1.4664,1.464,1.4662,51644
2016-06-21 06:00:00,GBPUSD,60,1.4662,1.4666,1.4646,1.4663,39959
2016-06-21 07:00:00,GBPUSD,60,1.4663,1.4679,1.4648,1.4655,41298
2016-06-21 08:00:00,GBPUSD,60,1.4654,1.4664,1.4651,1.4656,29776
2016-06-21 09:00:00,GBPUSD,60,1.4656,1.4728,1.4653,1.4698,68309
2016-06-21 10:00:00,GBPUSD,60,1.4698,1.4719,1.4693,1.4709,65009
2016-06-21 11:00:00,GBPUSD,60,1.4709,1.4745,1.4704,1.4723,98165
2016-06-21 12:00:00,GBPUSD,60,1.4722,1.4768,1.471,1.4757,95536
2016-06-21 13:00:00,GBPUSD,60,1.4758,1.4784,1.4741,1.4758,84011
2016-06-21 14:00:00,GBPUSD,60,1.4758,1.4779,1.473,1.4749,82031
2016-06-21 15:00:00,GBPUSD,60,1.475,1.4752,1.4715,1.473,82535
2016-06-21 16:00:00,GBPUSD,60,1.473,1.4745,1.4675,1.47,119517
2016-06-21 17:00:00,GBPUSD,60,1.4699,1.4746,1.4662,1.4667,121211
2016-06-21 18:00:00,GBPUSD,60,1.4667,1.4717,1.4662,1.4668,120827
2016-06-21 19:00:00,GBPUSD,60,1.4669,1.4697,1.4653,1.4665,96165
2016-06-21 20:00:00,GBPUSD,60,1.4665,1.4673,1.4652,1.4662,55611
2016-06-21 21:00:00,GBPUSD,60,1.4662,1.4688,1.4656,1.4681,62419
2016-06-21 22:00:00,GBPUSD,60,1.4681,1.4691,1.4655,1.4666,64643
2016-06-21 23:00:00,GBPUSD,60,1.4665,1.4667,1.4617,1.4626,59451
2016-06-22 00:00:00,GBPUSD,60,1.4628,1.466,1.4613,1.465,39665
2016-06-22 01:00:00,GBPUSD,60,1.465,1.4694,1.4644,1.466,14578
2016-06-22 02:00:00,GBPUSD,60,1.466,1.4667,1.4654,1.4662,30086
2016-06-22 03:00:00,GBPUSD,60,1.4662,1.467,1.4657,1.4663,24432
2016-06-22 04:00:00,GBPUSD,60,1.4663,1.4683,1.4659,1.4666,36597
2016-06-22 05:00:00,GBPUSD,60,1.4665,1.4688,1.4661,1.4678,41073
2016-06-22 06:00:00,GBPUSD,60,1.4678,1.4688,1.4672,1.4687,43802
2016-06-22 07:00:00,GBPUSD,60,1.4686,1.4695,1.468,1.469,34558
2016-06-22 08:00:00,GBPUSD,60,1.469,1.4693,1.4677,1.4685,32690
2016-06-22 09:00:00,GBPUSD,60,1.4684,1.4688,1.4667,1.468,34702
2016-06-22 10:00:00,GBPUSD,60,1.468,1.4692,1.4667,1.4686,49503
2016-06-22 11:00:00,GBPUSD,60,1.4687,1.4716,1.465,1.4653,92551
2016-06-22 12:00:00,GBPUSD,60,1.4653,1.4675,1.4641,1.4656,85552
2016-06-22 13:00:00,GBPUSD,60,1.4656,1.4683,1.4646,1.4677,80847
2016-06-22 14:00:00,GBPUSD,60,1.4676,1.4689,1.4661,1.4677,73920
2016-06-22 15:00:00,GBPUSD,60,1.4678,1.4698,1.4671,1.4686,74407
2016-06-22 16:00:00,GBPUSD,60,1.4686,1.4731,1.4677,1.4724,89160
2016-06-22 17:00:00,GBPUSD,60,1.4724,1.4738,1.4693,1.4737,104233
2016-06-22 18:00:00,GBPUSD,60,1.4736,1.4775,1.4679,1.4686,125886
2016-06-22 19:00:00,GBPUSD,60,1.4686,1.472,1.4656,1.468,112555
2016-06-22 20:00:00,GBPUSD,60,1.468,1.4713,1.4664,1.4704,71784
2016-06-22 21:00:00,GBPUSD,60,1.4704,1.4707,1.4639,1.4659,90313
2016-06-22 22:00:00,GBPUSD,60,1.4662,1.4697,1.4648,1.469,67953
2016-06-22 23:00:00,GBPUSD,60,1.469,1.4706,1.4668,1.4695,60850
2016-06-23 00:00:00,GBPUSD,60,1.4696,1.4732,1.4684,1.4707,48908
2016-06-23 01:00:00,GBPUSD,60,1.4708,1.4844,1.4702,1.4802,35178
2016-06-23 02:00:00,GBPUSD,60,1.4803,1.4812,1.4769,1.4792,38745
2016-06-23 03:00:00,GBPUSD,60,1.4793,1.4821,1.4774,1.4787,36845
2016-06-23 04:00:00,GBPUSD,60,1.4787,1.4814,1.4783,1.4813,35140
2016-06-23 05:00:00,GBPUSD,60,1.4813,1.4829,1.4806,1.4811,41651
2016-06-23 06:00:00,GBPUSD,60,1.4809,1.4814,1.4786,1.4799,39980
2016-06-23 07:00:00,GBPUSD,60,1.4799,1.4801,1.4791,1.4798,29383
2016-06-23 08:00:00,GBPUSD,60,1.4798,1.48,1.4789,1.4794,26626
2016-06-23 09:00:00,GBPUSD,60,1.4794,1.4807,1.479,1.4797,33592
2016-06-23 10:00:00,GBPUSD,60,1.4797,1.48,1.4726,1.475,84421
2016-06-23 11:00:00,GBPUSD,60,1.475,1.4792,1.4741,1.4745,98140
2016-06-23 12:00:00,GBPUSD,60,1.4745,1.4801,1.4742,1.4783,97155
2016-06-23 13:00:00,GBPUSD,60,1.4783,1.4886,1.4778,1.4846,122867
2016-06-23 14:00:00,GBPUSD,60,1.4846,1.4947,1.4842,1.4891,151662
2016-06-23 15:00:00,GBPUSD,60,1.4891,1.4915,1.4853,1.4863,111709
2016-06-23 16:00:00,GBPUSD,60,1.4862,1.4901,1.4858,1.49,119264
2016-06-23 17:00:00,GBPUSD,60,1.4901,1.4902,1.4786,1.4803,139062
2016-06-23 18:00:00,GBPUSD,60,1.4806,1.4832,1.474,1.4797,145601
2016-06-23 19:00:00,GBPUSD,60,1.4796,1.4834,1.4761,1.4799,110967
2016-06-23 20:00:00,GBPUSD,60,1.4799,1.4823,1.4791,1.4807,45138
2016-06-01 01:00:00,AUDCAD,60,0.94686,0.94734,0.94584,0.9465,14278
2016-06-01 02:00:00,AUDCAD,60,0.94673,0.94696,0.9452299999999999,0.9465600000000001,29016
2016-06-01 03:00:00,AUDCAD,60,0.94644,0.9472299999999999,0.94501,0.9461200000000001,20600
2016-06-01 04:00:00,AUDCAD,60,0.9461200000000001,0.9471200000000001,0.9451299999999999,0.94639,39782
2016-06-01 05:00:00,AUDCAD,60,0.94673,0.95268,0.9451299999999999,0.95145,64019
2016-06-01 06:00:00,AUDCAD,60,0.95129,0.95278,0.95009,0.9511799999999999,42966
2016-06-01 07:00:00,AUDCAD,60,0.95125,0.9516,0.94937,0.95099,39592
2016-06-01 08:00:00,AUDCAD,60,0.95094,0.95101,0.9491700000000001,0.9502799999999999,32397
2016-06-01 09:00:00,AUDCAD,60,0.95039,0.9510700000000001,0.94844,0.94985,44567
2016-06-01 10:00:00,AUDCAD,60,0.9499700000000001,0.9506600000000001,0.9485399999999999,0.9495100000000001,57953
2016-06-01 11:00:00,AUDCAD,60,0.9494600000000001,0.9507200000000001,0.9485399999999999,0.9494100000000001,63053
2016-06-01 12:00:00,AUDCAD,60,0.9494,0.95045,0.9479700000000001,0.94971,65978
2016-06-01 13:00:00,AUDCAD,60,0.9496100000000001,0.95024,0.94809,0.9497399999999999,63506
2016-06-01 14:00:00,AUDCAD,60,0.94986,0.9505899999999999,0.9482799999999999,0.9491799999999999,55073
2016-06-01 15:00:00,AUDCAD,60,0.94919,0.94999,0.94781,0.9492299999999999,61743
2016-06-01 16:00:00,AUDCAD,60,0.94926,0.94957,0.9475399999999999,0.94919,68871
2016-06-01 17:00:00,AUDCAD,60,0.94876,0.9493299999999999,0.94706,0.9489299999999999,81640
2016-06-01 18:00:00,AUDCAD,60,0.94899,0.9491,0.94709,0.94876,105691
2016-06-01 19:00:00,AUDCAD,60,0.94871,0.94949,0.9472700000000001,0.9480299999999999,94042
2016-06-01 20:00:00,AUDCAD,60,0.94788,0.94894,0.94678,0.94881,64967
2016-06-01 21:00:00,AUDCAD,60,0.9488,0.9492799999999999,0.9471700000000001,0.9486100000000001,52215
2016-06-01 22:00:00,AUDCAD,60,0.94765,0.94925,0.9471299999999999,0.9484100000000001,52056
2016-06-01 23:00:00,AUDCAD,60,0.94847,0.9486399999999999,0.94701,0.94831,35336
2016-06-02 00:00:00,AUDCAD,60,0.9483299999999999,0.9492799999999999,0.94737,0.9486700000000001,30537
2016-06-02 01:00:00,AUDCAD,60,0.9486700000000001,0.94924,0.94731,0.94844,18331
2016-06-02 02:00:00,AUDCAD,60,0.94847,0.94888,0.9472700000000001,0.9483799999999999,26293
2016-06-02 03:00:00,AUDCAD,60,0.94837,0.94873,0.94689,0.94778,15165
2016-06-02 04:00:00,AUDCAD,60,0.94778,0.94806,0.9461700000000001,0.9468,30922
2016-06-02 05:00:00,AUDCAD,60,0.946,0.9495600000000001,0.946,0.94776,51335
2016-06-02 06:00:00,AUDCAD,60,0.94775,0.94794,0.9452299999999999,0.9469,46148
2016-06-02 07:00:00,AUDCAD,60,0.94691,0.9471200000000001,0.9444100000000001,0.94621,34467
2016-06-02 08:00:00,AUDCAD,60,0.94629,0.94714,0.9451799999999999,0.9462799999999999,26532
2016-06-02 09:00:00,AUDCAD,60,0.94621,0.9470200000000001,0.9453299999999999,0.9466600000000001,25529
2016-06-02 10:00:00,AUDCAD,60,0.9465600000000001,0.94678,0.9444299999999999,0.9455399999999999,49702
2016-06-02 11:00:00,AUDCAD,60,0.9455,0.94555,0.94309,0.94431,67688
2016-06-02 12:00:00,AUDCAD,60,0.9443,0.9451299999999999,0.94337,0.9449299999999999,58412
2016-06-02 13:00:00,AUDCAD,60,0.94489,0.9450200000000001,0.9426899999999999,0.94426,52432
2016-06-02 14:00:00,AUDCAD,60,0.94409,0.9453600000000001,0.9432799999999999,0.94491,47987
2016-06-02 15:00:00,AUDCAD,60,0.9449799999999999,0.9456200000000001,0.9435,0.9443,49856
2016-06-02 16:00:00,AUDCAD,60,0.9443,0.9470200000000001,0.9433600000000001,0.94671,86826
2016-06-02 17:00:00,AUDCAD,60,0.9467700000000001,0.9476399999999999,0.94539,0.9468200000000001,97471
2016-06-02 18:00:00,AUDCAD,60,0.94665,0.94811,0.94581,0.9479,83682
2016-06-02 19:00:00,AUDCAD,60,0.9479,0.948,0.9440799999999999,0.94478,85635
2016-06-02 20:00:00,AUDCAD,60,0.94491,0.9457399999999999,0.94396,0.9453799999999999,46176
2016-06-02 21:00:00,AUDCAD,60,0.94544,0.9464899999999999,0.9444799999999999,0.9464100000000001,35178
2016-06-02 22:00:00,AUDCAD,60,0.94639,0.94773,0.94545,0.94711,37483
2016-06-02 23:00:00,AUDCAD,60,0.94711,0.94724,0.9457899999999999,0.9467399999999999,25083
2016-06-03 00:00:00,AUDCAD,60,0.94683,0.94734,0.9456899999999999,0.9465899999999999,23913
2016-06-03 01:00:00,AUDCAD,60,0.94606,0.9469200000000001,0.94532,0.94614,7743
2016-06-03 02:00:00,AUDCAD,60,0.9459200000000001,0.9469299999999999,0.94537,0.9463299999999999,17477
2016-06-03 03:00:00,AUDCAD,60,0.94634,0.9467899999999999,0.94501,0.94673,19795
2016-06-03 04:00:00,AUDCAD,60,0.94676,0.94737,0.9456,0.94671,34759
2016-06-03 05:00:00,AUDCAD,60,0.9467399999999999,0.9469299999999999,0.9450200000000001,0.9464100000000001,35002
2016-06-03 06:00:00,AUDCAD,60,0.94624,0.9475600000000001,0.94516,0.94734,26447
2016-06-03 07:00:00,AUDCAD,60,0.9475100000000001,0.948,0.9462700000000001,0.9470700000000001,22449
2016-06-03 08:00:00,AUDCAD,60,0.94725,0.9481,0.9462799999999999,0.9474600000000001,29380
2016-06-03 09:00:00,AUDCAD,60,0.9464899999999999,0.9491200000000001,0.9464899999999999,0.9482200000000001,33023
2016-06-03 10:00:00,AUDCAD,60,0.9485899999999999,0.94942,0.94737,0.94884,39320
2016-06-03 11:00:00,AUDCAD,60,0.94884,0.9500299999999999,0.94783,0.9488700000000001,49801
2016-06-03 12:00:00,AUDCAD,60,0.9488700000000001,0.9492299999999999,0.9476899999999999,0.9486600000000001,51610
2016-06-03 13:00:00,AUDCAD,60,0.9486700000000001,0.9490200000000001,0.94704,0.94826,44792
2016-06-03 14:00:00,AUDCAD,60,0.9481200000000001,0.9487399999999999,0.94645,0.9475299999999999,44129
2016-06-03 15:00:00,AUDCAD,60,0.9475899999999999,0.9483299999999999,0.94637,0.94824,43465
2016-06-03 16:00:00,AUDCAD,60,0.94824,0.9504799999999999,0.9459799999999999,0.94788,90115
2016-06-03 17:00:00,AUDCAD,60,0.94783,0.9494100000000001,0.9465899999999999,0.94894,129898
2016-06-03 18:00:00,AUDCAD,60,0.94958,0.95009,0.94744,0.9489700000000001,116080
2016-06-03 19:00:00,AUDCAD,60,0.9489799999999999,0.9506399999999999,0.9480700000000001,0.95015,87348
2016-06-03 20:00:00,AUDCAD,60,0.9501700000000001,0.95049,0.9486899999999999,0.9502799999999999,54170
2016-06-03 21:00:00,AUDCAD,60,0.95025,0.95175,0.94934,0.95124,47987
2016-06-03 22:00:00,AUDCAD,60,0.95124,0.9519799999999999,0.9500299999999999,0.9518,43837
2016-06-03 23:00:00,AUDCAD,60,0.9516600000000001,0.95362,0.9503799999999999,0.9532799999999999,32860
2016-06-04 00:00:00,AUDCAD,60,0.9534100000000001,0.9538,0.9516399999999999,0.95249,21601
2016-06-04 01:00:00,AUDCAD,60,0.9523299999999999,0.95249,0.9517200000000001,0.9521,168
2016-06-04 02:00:00,AUDCAD,60,0.95173,0.95173,0.95173,0.95173,12
2016-06-05 23:00:00,AUDCAD,60,0.95257,0.95473,0.9511299999999999,0.95196,126
2016-06-06 00:00:00,AUDCAD,60,0.9517,0.9533200000000001,0.9517,0.9531700000000001,79
2016-06-06 01:00:00,AUDCAD,60,0.95316,0.95444,0.9520700000000001,0.9525100000000001,6158
2016-06-06 02:00:00,AUDCAD,60,0.95258,0.9533299999999999,0.95044,0.9515600000000001,17016
2016-06-06 03:00:00,AUDCAD,60,0.95149,0.95229,0.9502799999999999,0.95137,26318
2016-06-06 04:00:00,AUDCAD,60,0.9505399999999999,0.9518399999999999,0.949,0.95015,28558
2016-06-06 05:00:00,AUDCAD,60,0.95015,0.9510799999999999,0.94804,0.94962,25032
2016-06-06 06:00:00,AUDCAD,60,0.94873,0.9498200000000001,0.94816,0.9496600000000001,31868
2016-06-06 07:00:00,AUDCAD,60,0.9496100000000001,0.95075,0.94873,0.9505299999999999,30465
2016-06-06 08:00:00,AUDCAD,60,0.9506100000000001,0.9512,0.9489200000000001,0.9506700000000001,27563
2016-06-06 09:00:00,AUDCAD,60,0.9506700000000001,0.9513,0.94971,0.9504799999999999,23127
2016-06-06 10:00:00,AUDCAD,60,0.95047,0.9518,0.9496100000000001,0.9514100000000001,41298
2016-06-06 11:00:00,AUDCAD,60,0.9515,0.9526100000000001,0.95032,0.95247,59984
2016-06-06 12:00:00,AUDCAD,60,0.9524100000000001,0.95389,0.95147,0.95321,58136
2016-06-06 13:00:00,AUDCAD,60,0.95316,0.9534100000000001,0.95144,0.9525600000000001,49738
2016-06-06 14:00:00,AUDCAD,60,0.9525600000000001,0.9529200000000001,0.95089,0.95276,52727
2016-06-06 15:00:00,AUDCAD,60,0.9527700000000001,0.9528700000000001,0.95076,0.95194,50722
2016-06-06 16:00:00,AUDCAD,60,0.9509700000000001,0.95225,0.94971,0.95096,61389
2016-06-06 17:00:00,AUDCAD,60,0.95114,0.95262,0.94875,0.94891,83167
2016-06-06 18:00:00,AUDCAD,60,0.9489700000000001,0.9493299999999999,0.94586,0.9467200000000001,81502
2016-06-06 19:00:00,AUDCAD,60,0.94678,0.94729,0.94555,0.94616,62651
2016-06-06 20:00:00,AUDCAD,60,0.94535,0.94776,0.9446399999999999,0.9469700000000001,79342
2016-06-06 21:00:00,AUDCAD,60,0.94699,0.94704,0.9443,0.94521,61745
2016-06-06 22:00:00,AUDCAD,60,0.94521,0.9458700000000001,0.9439200000000001,0.94515,43701
2016-06-06 23:00:00,AUDCAD,60,0.94515,0.94524,0.9428799999999999,0.94386,28189
2016-06-07 00:00:00,AUDCAD,60,0.9438,0.9451700000000001,0.9429,0.94389,28107
2016-06-07 01:00:00,AUDCAD,60,0.9438799999999999,0.9449200000000001,0.9431200000000001,0.94425,17041
2016-06-07 02:00:00,AUDCAD,60,0.94437,0.94525,0.9435,0.9448700000000001,25985
2016-06-07 03:00:00,AUDCAD,60,0.9448700000000001,0.94509,0.9433799999999999,0.94463,21285
2016-06-07 04:00:00,AUDCAD,60,0.94468,0.94545,0.9435899999999999,0.94526,34304
2016-06-07 05:00:00,AUDCAD,60,0.94525,0.94595,0.9441299999999999,0.94527,36472
2016-06-07 06:00:00,AUDCAD,60,0.9453299999999999,0.9457200000000001,0.94381,0.9448200000000001,30815
2016-06-07 07:00:00,AUDCAD,60,0.94389,0.9457899999999999,0.94368,0.9455399999999999,28583
2016-06-07 08:00:00,AUDCAD,60,0.9454799999999999,0.9521700000000001,0.94391,0.95162,72397
2016-06-07 09:00:00,AUDCAD,60,0.95162,0.9527399999999999,0.9501799999999999,0.9521200000000001,46734
2016-06-07 10:00:00,AUDCAD,60,0.95211,0.9530200000000001,0.95089,0.95278,51409
2016-06-07 11:00:00,AUDCAD,60,0.95276,0.95283,0.94991,0.95055,63722
2016-06-07 12:00:00,AUDCAD,60,0.9505600000000001,0.95134,0.9491700000000001,0.95036,53377
2016-06-07 13:00:00,AUDCAD,60,0.9501799999999999,0.95116,0.94919,0.95096,56266
2016-06-07 14:00:00,AUDCAD,60,0.95086,0.9524799999999999,0.9500700000000001,0.95175,49991
2016-06-07 15:00:00,AUDCAD,60,0.95168,0.9519700000000001,0.9494,0.95024,49598
2016-06-07 16:00:00,AUDCAD,60,0.95026,0.95181,0.94901,0.9515600000000001,62431
2016-06-07 17:00:00,AUDCAD,60,0.9515600000000001,0.95278,0.95005,0.95226,74773
2016-06-07 18:00:00,AUDCAD,60,0.95232,0.9545799999999999,0.9512,0.9536899999999999,81447
2016-06-07 19:00:00,AUDCAD,60,0.95273,0.9538399999999999,0.95178,0.9528700000000001,67710
2016-06-07 20:00:00,AUDCAD,60,0.95281,0.9531700000000001,0.9511700000000001,0.9521200000000001,42988
2016-06-07 21:00:00,AUDCAD,60,0.95199,0.95273,0.9509700000000001,0.95221,34679
2016-06-07 22:00:00,AUDCAD,60,0.95221,0.9522700000000001,0.95062,0.9517200000000001,39733
2016-06-07 23:00:00,AUDCAD,60,0.9507899999999999,0.9524799999999999,0.9506600000000001,0.9522700000000001,29043
2016-06-08 00:00:00,AUDCAD,60,0.9515299999999999,0.9525,0.9490200000000001,0.94942,35511
2016-06-08 01:00:00,AUDCAD,60,0.94942,0.9513799999999999,0.94873,0.95071,22793
2016-06-08 02:00:00,AUDCAD,60,0.9507399999999999,0.95083,0.94909,0.9501299999999999,22482
2016-06-08 03:00:00,AUDCAD,60,0.9501299999999999,0.9507700000000001,0.9487399999999999,0.94968,20330
2016-06-08 04:00:00,AUDCAD,60,0.94952,0.95006,0.94768,0.9491799999999999,39805
2016-06-08 05:00:00,AUDCAD,60,0.94914,0.9496399999999999,0.94719,0.94799,38584
2016-06-08 06:00:00,AUDCAD,60,0.9479799999999999,0.94862,0.9463799999999999,0.9482200000000001,25282
2016-06-08 07:00:00,AUDCAD,60,0.9481799999999999,0.94971,0.94685,0.9485600000000001,40956
2016-06-08 08:00:00,AUDCAD,60,0.9485600000000001,0.94999,0.94721,0.94986,34793
2016-06-08 09:00:00,AUDCAD,60,0.94986,0.95005,0.9477200000000001,0.9486700000000001,31954
2016-06-08 10:00:00,AUDCAD,60,0.9486899999999999,0.9491299999999999,0.94631,0.9471200000000001,48850
2016-06-08 11:00:00,AUDCAD,60,0.9471200000000001,0.9486700000000001,0.94616,0.94819,57760
2016-06-08 12:00:00,AUDCAD,60,0.94819,0.94829,0.94573,0.9467700000000001,55544
2016-06-08 13:00:00,AUDCAD,60,0.9465899999999999,0.94699,0.9451200000000001,0.9466899999999999,49129
2016-06-08 14:00:00,AUDCAD,60,0.94689,0.9469700000000001,0.9447399999999999,0.9467,56759
2016-06-08 15:00:00,AUDCAD,60,0.94665,0.94719,0.9441,0.94715,64118
2016-06-08 16:00:00,AUDCAD,60,0.9471700000000001,0.94784,0.94591,0.94716,67932
2016-06-08 17:00:00,AUDCAD,60,0.9472,0.9478200000000001,0.9457899999999999,0.94763,76739
2016-06-08 18:00:00,AUDCAD,60,0.9476100000000001,0.9481700000000001,0.94639,0.94725,98418
2016-06-08 19:00:00,AUDCAD,60,0.9474100000000001,0.9498700000000001,0.9464299999999999,0.94925,76905
2016-06-08 20:00:00,AUDCAD,60,0.94926,0.95044,0.94825,0.9500200000000001,53351
2016-06-08 21:00:00,AUDCAD,60,0.9501,0.95068,0.9485100000000001,0.94955,47957
2016-06-08 22:00:00,AUDCAD,60,0.9495,0.9501,0.94831,0.9495399999999999,39982
2016-06-08 23:00:00,AUDCAD,60,0.9496600000000001,0.94989,0.94805,0.94921,25422
2016-06-09 00:00:00,AUDCAD,60,0.94921,0.94937,0.94721,0.94796,27998
2016-06-09 01:00:00,AUDCAD,60,0.9479799999999999,0.9517700000000001,0.94725,0.94935,35267
2016-06-09 02:00:00,AUDCAD,60,0.94944,0.95086,0.9485899999999999,0.95024,33599
2016-06-09 03:00:00,AUDCAD,60,0.9501,0.9515399999999999,0.94914,0.9501299999999999,35080
2016-06-09 04:00:00,AUDCAD,60,0.95035,0.95116,0.94832,0.9488200000000001,42717
2016-06-09 05:00:00,AUDCAD,60,0.9488200000000001,0.9494,0.9469299999999999,0.94899,49766
2016-06-09 06:00:00,AUDCAD,60,0.9490799999999999,0.9491700000000001,0.9467700000000001,0.94819,32349
2016-06-09 07:00:00,AUDCAD,60,0.94819,0.9487899999999999,0.94615,0.9473799999999999,30544
2016-06-09 08:00:00,AUDCAD,60,0.94737,0.94757,0.94545,0.9469799999999999,41902
2016-06-09 09:00:00,AUDCAD,60,0.94694,0.94747,0.9456600000000001,0.94675,33111
2016-06-09 10:00:00,AUDCAD,60,0.9466899999999999,0.9474799999999999,0.9455899999999999,0.94663,45525
2016-06-09 11:00:00,AUDCAD,60,0.94699,0.9475399999999999,0.9454299999999999,0.9464600000000001,71200
2016-06-09 12:00:00,AUDCAD,60,0.9464299999999999,0.9470200000000001,0.9448200000000001,0.9464600000000001,61687
2016-06-09 13:00:00,AUDCAD,60,0.9464,0.94699,0.94494,0.9457899999999999,54638
2016-06-09 14:00:00,AUDCAD,60,0.94481,0.947,0.94481,0.94634,58394
2016-06-09 15:00:00,AUDCAD,60,0.9463799999999999,0.9480799999999999,0.9445600000000001,0.94785,59250
2016-06-09 16:00:00,AUDCAD,60,0.9478700000000001,0.94839,0.94565,0.94678,70677
2016-06-09 17:00:00,AUDCAD,60,0.94676,0.9475399999999999,0.9452299999999999,0.9464799999999999,80912
2016-06-09 18:00:00,AUDCAD,60,0.94568,0.9469299999999999,0.94384,0.94601,83621
2016-06-09 19:00:00,AUDCAD,60,0.9451,0.94668,0.944,0.94585,74273
2016-06-09 20:00:00,AUDCAD,60,0.9457,0.9464,0.94452,0.9458,50043
2016-06-09 21:00:00,AUDCAD,60,0.9458,0.94629,0.9444,0.94575,46553
2016-06-09 22:00:00,AUDCAD,60,0.9448,0.9466399999999999,0.94475,0.9461200000000001,40378
2016-06-09 23:00:00,AUDCAD,60,0.94611,0.94642,0.9446899999999999,0.94591,31631
2016-06-10 00:00:00,AUDCAD,60,0.94584,0.94614,0.9442,0.94539,29873
2016-06-10 01:00:00,AUDCAD,60,0.9451799999999999,0.9462299999999999,0.9440799999999999,0.94568,17899
2016-06-10 02:00:00,AUDCAD,60,0.9455,0.94625,0.94447,0.9458200000000001,31296
2016-06-10 03:00:00,AUDCAD,60,0.9458799999999999,0.94611,0.94284,0.94376,27399
2016-06-10 04:00:00,AUDCAD,60,0.9436,0.9446200000000001,0.9427200000000001,0.94384,39646
2016-06-10 05:00:00,AUDCAD,60,0.94381,0.9453,0.94285,0.9445100000000001,36547
2016-06-10 06:00:00,AUDCAD,60,0.94444,0.9446100000000001,0.94285,0.94416,32996
2016-06-10 07:00:00,AUDCAD,60,0.94421,0.9444,0.9427200000000001,0.94405,27410
2016-06-10 08:00:00,AUDCAD,60,0.9430700000000001,0.94486,0.94301,0.9442799999999999,30049
2016-06-10 09:00:00,AUDCAD,60,0.9442799999999999,0.94439,0.9429299999999999,0.9438799999999999,36178
2016-06-10 10:00:00,AUDCAD,60,0.9438700000000001,0.9444,0.94234,0.94386,53833
2016-06-10 11:00:00,AUDCAD,60,0.94389,0.9442799999999999,0.94158,0.9431700000000001,60064
2016-06-10 12:00:00,AUDCAD,60,0.94321,0.94345,0.94155,0.9427399999999999,50593
2016-06-10 13:00:00,AUDCAD,60,0.94279,0.94396,0.94181,0.94334,53485
2016-06-10 14:00:00,AUDCAD,60,0.9432799999999999,0.94447,0.94219,0.9432299999999999,47700
2016-06-10 15:00:00,AUDCAD,60,0.9432299999999999,0.9438200000000001,0.94214,0.94305,48044
2016-06-10 16:00:00,AUDCAD,60,0.94305,0.94466,0.93874,0.9404299999999999,78261
2016-06-10 17:00:00,AUDCAD,60,0.9404299999999999,0.94232,0.93922,0.9416200000000001,81888
2016-06-10 18:00:00,AUDCAD,60,0.9414600000000001,0.9436,0.94052,0.94279,97130
2016-06-10 19:00:00,AUDCAD,60,0.9429,0.9431700000000001,0.9404299999999999,0.9415899999999999,80187
2016-06-10 20:00:00,AUDCAD,60,0.9416200000000001,0.94179,0.94,0.9415600000000001,51916
2016-06-10 21:00:00,AUDCAD,60,0.9415899999999999,0.9420700000000001,0.9399,0.94196,56025
2016-06-10 22:00:00,AUDCAD,60,0.94196,0.9422200000000001,0.94026,0.9414600000000001,52418
2016-06-10 23:00:00,AUDCAD,60,0.94145,0.94196,0.93979,0.9409700000000001,35247
2016-06-11 00:00:00,AUDCAD,60,0.9409,0.9425100000000001,0.9400700000000001,0.94224,23899
2016-06-11 01:00:00,AUDCAD,60,0.94186,0.94247,0.94106,0.94106,236
2016-06-11 02:00:00,AUDCAD,60,0.94114,0.94183,0.94114,0.94183,11
2016-06-12 23:00:00,AUDCAD,60,0.9415600000000001,0.94275,0.94063,0.94066,436
2016-06-13 00:00:00,AUDCAD,60,0.94078,0.9432299999999999,0.9406399999999999,0.9426399999999999,1010
2016-06-13 01:00:00,AUDCAD,60,0.94291,0.94337,0.94066,0.9417,7303
2016-06-13 02:00:00,AUDCAD,60,0.94199,0.9428200000000001,0.9407200000000001,0.94215,18901
2016-06-13 03:00:00,AUDCAD,60,0.94215,0.94247,0.9406200000000001,0.94204,19780
2016-06-13 04:00:00,AUDCAD,60,0.9411299999999999,0.94286,0.9411299999999999,0.9420799999999999,20301
2016-06-13 05:00:00,AUDCAD,60,0.94206,0.94389,0.9413100000000001,0.9437,30818
2016-06-13 06:00:00,AUDCAD,60,0.94373,0.94496,0.94286,0.9444299999999999,40735
2016-06-13 07:00:00,AUDCAD,60,0.9444299999999999,0.9457899999999999,0.94289,0.9454299999999999,33239
2016-06-13 08:00:00,AUDCAD,60,0.9454899999999999,0.94552,0.94355,0.94476,28754
2016-06-13 09:00:00,AUDCAD,60,0.94484,0.94614,0.9439200000000001,0.94509,33317
2016-06-13 10:00:00,AUDCAD,60,0.9451299999999999,0.94609,0.94411,0.9452799999999999,54004
2016-06-13 11:00:00,AUDCAD,60,0.94526,0.9454899999999999,0.9435100000000001,0.94521,62953
2016-06-13 12:00:00,AUDCAD,60,0.9452200000000001,0.94606,0.9443,0.94584,55513
2016-06-13 13:00:00,AUDCAD,60,0.9458200000000001,0.9460299999999999,0.94409,0.9454299999999999,52883
2016-06-13 14:00:00,AUDCAD,60,0.9453600000000001,0.9462200000000001,0.9438700000000001,0.94589,46017
2016-06-13 15:00:00,AUDCAD,60,0.946,0.94637,0.9442200000000001,0.94489,50086
2016-06-13 16:00:00,AUDCAD,60,0.94484,0.94558,0.9437399999999999,0.94557,55891
2016-06-13 17:00:00,AUDCAD,60,0.9455600000000001,0.94705,0.9445899999999999,0.9466600000000001,86420
2016-06-13 18:00:00,AUDCAD,60,0.9466700000000001,0.94729,0.9436399999999999,0.9444600000000001,89417
2016-06-13 19:00:00,AUDCAD,60,0.9443799999999999,0.94629,0.9434299999999999,0.94557,84077
2016-06-13 20:00:00,AUDCAD,60,0.94558,0.94629,0.94337,0.9445399999999999,59542
2016-06-13 21:00:00,AUDCAD,60,0.9445399999999999,0.94529,0.94345,0.94496,39966
2016-06-13 22:00:00,AUDCAD,60,0.94504,0.94583,0.94394,0.9455899999999999,34134
2016-06-13 23:00:00,AUDCAD,60,0.9456600000000001,0.94635,0.94432,0.94594,29351
2016-06-14 00:00:00,AUDCAD,60,0.9449799999999999,0.9484100000000001,0.9449799999999999,0.9481,25168
2016-06-14 01:00:00,AUDCAD,60,0.9472799999999999,0.9483,0.9458,0.9469700000000001,21481
2016-06-14 02:00:00,AUDCAD,60,0.9468799999999999,0.9472200000000001,0.9455,0.9466399999999999,22116
2016-06-14 03:00:00,AUDCAD,60,0.94657,0.9470700000000001,0.9454299999999999,0.94644,17551
2016-06-14 04:00:00,AUDCAD,60,0.9464,0.94821,0.94552,0.94775,32366
2016-06-14 05:00:00,AUDCAD,60,0.94773,0.94834,0.94668,0.9476700000000001,31353
2016-06-14 06:00:00,AUDCAD,60,0.94673,0.94768,0.9459299999999999,0.94719,29304
2016-06-14 07:00:00,AUDCAD,60,0.94719,0.94781,0.9460200000000001,0.94775,26809
2016-06-14 08:00:00,AUDCAD,60,0.9477899999999999,0.9489700000000001,0.94629,0.94883,30150
2016-06-14 09:00:00,AUDCAD,60,0.94883,0.94976,0.94775,0.9493,29246
2016-06-14 10:00:00,AUDCAD,60,0.94931,0.94985,0.9473600000000001,0.94876,48220
2016-06-14 11:00:00,AUDCAD,60,0.9488200000000001,0.9491799999999999,0.9443799999999999,0.9452799999999999,75463
2016-06-14 12:00:00,AUDCAD,60,0.94532,0.9459799999999999,0.942,0.94368,69951
2016-06-14 13:00:00,AUDCAD,60,0.94366,0.94391,0.94165,0.9433799999999999,71994
2016-06-14 14:00:00,AUDCAD,60,0.94324,0.94399,0.94127,0.94311,56073
2016-06-14 15:00:00,AUDCAD,60,0.94295,0.9449200000000001,0.9421,0.94486,51544
2016-06-14 16:00:00,AUDCAD,60,0.94486,0.94624,0.9436399999999999,0.9459799999999999,75051
2016-06-14 17:00:00,AUDCAD,60,0.9459799999999999,0.94791,0.9450299999999999,0.9477399999999999,94489
2016-06-14 18:00:00,AUDCAD,60,0.9477399999999999,0.94788,0.9444299999999999,0.9454799999999999,95755
2016-06-14 19:00:00,AUDCAD,60,0.94553,0.94621,0.94409,0.9445,74218
2016-06-14 20:00:00,AUDCAD,60,0.9445,0.9466100000000001,0.9435399999999999,0.9463600000000001,49717
2016-06-14 21:00:00,AUDCAD,60,0.94642,0.9474299999999999,0.9452200000000001,0.94644,43105
2016-06-14 22:00:00,AUDCAD,60,0.9464600000000001,0.9470200000000001,0.9443799999999999,0.94575,35507
2016-06-14 23:00:00,AUDCAD,60,0.94485,0.94599,0.9440700000000001,0.9457200000000001,37338
2016-06-15 00:00:00,AUDCAD,60,0.94571,0.94716,0.94431,0.94683,31418
2016-06-15 01:00:00,AUDCAD,60,0.94676,0.9470700000000001,0.9437700000000001,0.94499,25927
2016-06-15 02:00:00,AUDCAD,60,0.9451,0.94601,0.94429,0.9456899999999999,27038
2016-06-15 03:00:00,AUDCAD,60,0.9455399999999999,0.9462,0.9444,0.9456700000000001,19509
2016-06-15 04:00:00,AUDCAD,60,0.9456200000000001,0.94631,0.9432200000000001,0.9444299999999999,44477
2016-06-15 05:00:00,AUDCAD,60,0.94345,0.9458200000000001,0.9434100000000001,0.9450299999999999,42297
2016-06-15 06:00:00,AUDCAD,60,0.9454,0.94719,0.94442,0.94691,35942
2016-06-15 07:00:00,AUDCAD,60,0.9468799999999999,0.9478,0.94568,0.94719,33082
2016-06-15 08:00:00,AUDCAD,60,0.94634,0.94883,0.9460799999999999,0.94865,30971
2016-06-15 09:00:00,AUDCAD,60,0.94873,0.9489700000000001,0.94706,0.94852,34131
2016-06-15 10:00:00,AUDCAD,60,0.9486600000000001,0.9496600000000001,0.9472,0.94852,53701
2016-06-15 11:00:00,AUDCAD,60,0.9483600000000001,0.9495600000000001,0.9470700000000001,0.9490200000000001,62252
2016-06-15 12:00:00,AUDCAD,60,0.94891,0.9502200000000001,0.9474,0.9494799999999999,59569
2016-06-15 13:00:00,AUDCAD,60,0.9495399999999999,0.95065,0.94855,0.95004,49120
2016-06-15 14:00:00,AUDCAD,60,0.95006,0.95065,0.9488700000000001,0.9501700000000001,48972
2016-06-15 15:00:00,AUDCAD,60,0.9501799999999999,0.9506700000000001,0.9487399999999999,0.94989,51401
2016-06-15 16:00:00,AUDCAD,60,0.94988,0.95196,0.9486899999999999,0.9517200000000001,47181
2016-06-15 17:00:00,AUDCAD,60,0.9518200000000001,0.9547899999999999,0.95088,0.95442,30919
2016-06-15 18:00:00,AUDCAD,60,0.9544299999999999,0.95726,0.95393,0.95726,81862
2016-06-15 19:00:00,AUDCAD,60,0.95726,0.9577,0.9551,0.956,68307
2016-06-15 20:00:00,AUDCAD,60,0.956,0.9576899999999999,0.955,0.95619,49413
2016-06-15 21:00:00,AUDCAD,60,0.9562700000000001,0.95773,0.9553200000000001,0.9567200000000001,42563
2016-06-15 22:00:00,AUDCAD,60,0.9567700000000001,0.9587600000000001,0.95637,0.9572799999999999,97557
2016-06-15 23:00:00,AUDCAD,60,0.95716,0.95825,0.9558399999999999,0.957,61398
2016-06-16 00:00:00,AUDCAD,60,0.9570299999999999,0.95755,0.9553799999999999,0.95591,31959
2016-06-16 01:00:00,AUDCAD,60,0.9558700000000001,0.9565899999999999,0.9545399999999999,0.95611,18498
2016-06-16 02:00:00,AUDCAD,60,0.9562299999999999,0.9571799999999999,0.9550700000000001,0.95673,31453
2016-06-16 03:00:00,AUDCAD,60,0.95681,0.9577399999999999,0.95585,0.9572200000000001,21143
2016-06-16 04:00:00,AUDCAD,60,0.95714,0.9579200000000001,0.9559700000000001,0.9569,34856
2016-06-16 05:00:00,AUDCAD,60,0.95696,0.9591799999999999,0.9543799999999999,0.95555,48616
2016-06-16 06:00:00,AUDCAD,60,0.95468,0.95683,0.9539,0.9562299999999999,50492
2016-06-16 07:00:00,AUDCAD,60,0.9562299999999999,0.9570200000000001,0.95529,0.95665,36150
2016-06-16 08:00:00,AUDCAD,60,0.95665,0.9571299999999999,0.9540799999999999,0.95531,39476
2016-06-16 09:00:00,AUDCAD,60,0.95531,0.95593,0.95409,0.9555799999999999,39559
2016-06-16 10:00:00,AUDCAD,60,0.9557,0.9559799999999999,0.95045,0.95285,66956
2016-06-16 11:00:00,AUDCAD,60,0.9529200000000001,0.9546600000000001,0.95149,0.95416,67680
2016-06-16 12:00:00,AUDCAD,60,0.9542299999999999,0.95544,0.953,0.9547200000000001,64164
2016-06-16 13:00:00,AUDCAD,60,0.95486,0.9556899999999999,0.95386,0.9554,53618
2016-06-16 14:00:00,AUDCAD,60,0.95534,0.95689,0.9544600000000001,0.9564600000000001,52333
2016-06-16 15:00:00,AUDCAD,60,0.95644,0.958,0.9550200000000001,0.95581,67380
2016-06-16 16:00:00,AUDCAD,60,0.95596,0.9566899999999999,0.95431,0.95629,67856
2016-06-16 17:00:00,AUDCAD,60,0.95619,0.9563799999999999,0.9528399999999999,0.9541299999999999,84112
2016-06-16 18:00:00,AUDCAD,60,0.9541200000000001,0.95539,0.95175,0.9522700000000001,99033
2016-06-16 19:00:00,AUDCAD,60,0.95226,0.9535399999999999,0.95124,0.95319,85239
2016-06-16 20:00:00,AUDCAD,60,0.95324,0.9541,0.95195,0.9530299999999999,75010
2016-06-16 21:00:00,AUDCAD,60,0.9521799999999999,0.95494,0.9521799999999999,0.9535799999999999,81889
2016-06-16 22:00:00,AUDCAD,60,0.95342,0.95515,0.95263,0.9549799999999999,64088
2016-06-16 23:00:00,AUDCAD,60,0.9549700000000001,0.95562,0.95388,0.95473,50016
2016-06-17 00:00:00,AUDCAD,60,0.95473,0.95536,0.95365,0.95447,26810
2016-06-17 01:00:00,AUDCAD,60,0.95391,0.9551700000000001,0.9532200000000001,0.9550799999999999,18034
2016-06-17 02:00:00,AUDCAD,60,0.9549700000000001,0.95509,0.9532299999999999,0.9543,21195
2016-06-17 03:00:00,AUDCAD,60,0.9543200000000001,0.9550200000000001,0.95329,0.9542799999999999,30741
2016-06-17 04:00:00,AUDCAD,60,0.9541799999999999,0.9549200000000001,0.9525600000000001,0.9538700000000001,51626
2016-06-17 05:00:00,AUDCAD,60,0.9538399999999999,0.9550299999999999,0.95275,0.9545299999999999,56876
2016-06-17 06:00:00,AUDCAD,60,0.95455,0.9557899999999999,0.9533299999999999,0.95536,43630
2016-06-17 07:00:00,AUDCAD,60,0.9553799999999999,0.9562,0.9540299999999999,0.95467,39201
2016-06-17 08:00:00,AUDCAD,60,0.9548399999999999,0.95531,0.95296,0.9544,41231
2016-06-17 09:00:00,AUDCAD,60,0.9543,0.9560200000000001,0.95345,0.9557200000000001,40789
2016-06-17 10:00:00,AUDCAD,60,0.95562,0.95605,0.95299,0.95445,59263
2016-06-17 11:00:00,AUDCAD,60,0.95452,0.95539,0.95319,0.9545399999999999,71091
2016-06-17 12:00:00,AUDCAD,60,0.95455,0.95575,0.9536100000000001,0.9550799999999999,63313
2016-06-17 13:00:00,AUDCAD,60,0.9550799999999999,0.9554299999999999,0.9532200000000001,0.9543299999999999,51508
2016-06-17 14:00:00,AUDCAD,60,0.9543299999999999,0.95486,0.9533299999999999,0.95444,43436
2016-06-17 15:00:00,AUDCAD,60,0.95449,0.95499,0.95245,0.95347,57289
2016-06-17 16:00:00,AUDCAD,60,0.9534100000000001,0.95393,0.9503799999999999,0.95176,65445
2016-06-17 17:00:00,AUDCAD,60,0.95176,0.9528,0.95005,0.9506100000000001,81285
2016-06-17 18:00:00,AUDCAD,60,0.95065,0.95149,0.9490200000000001,0.9507899999999999,80678
2016-06-17 19:00:00,AUDCAD,60,0.9507899999999999,0.95204,0.9498200000000001,0.95085,70462
2016-06-17 20:00:00,AUDCAD,60,0.9507399999999999,0.95168,0.94988,0.95075,45185
2016-06-17 21:00:00,AUDCAD,60,0.9507200000000001,0.9528,0.94981,0.95214,39742
2016-06-17 22:00:00,AUDCAD,60,0.9512799999999999,0.9524600000000001,0.95057,0.9519299999999999,47117
2016-06-17 23:00:00,AUDCAD,60,0.9519,0.9526,0.95105,0.9525,35584
2016-06-18 00:00:00,AUDCAD,60,0.9524299999999999,0.9534600000000001,0.95139,0.9524600000000001,22644
2016-06-18 01:00:00,AUDCAD,60,0.9521299999999999,0.95349,0.9500200000000001,0.95349,168
2016-06-18 02:00:00,AUDCAD,60,0.9534799999999999,0.9534799999999999,0.95291,0.95291,11
2016-06-19 23:00:00,AUDCAD,60,0.9526,0.95405,0.9522200000000001,0.95319,23
2016-06-20 00:00:00,AUDCAD,60,0.9533299999999999,0.95475,0.95242,0.9543,1092
2016-06-20 01:00:00,AUDCAD,60,0.9540799999999999,0.9553799999999999,0.9525100000000001,0.95391,4561
2016-06-20 02:00:00,AUDCAD,60,0.95391,0.95424,0.95126,0.9536399999999999,17295
2016-06-20 03:00:00,AUDCAD,60,0.9536399999999999,0.9547200000000001,0.9514,0.9542799999999999,31639
2016-06-20 04:00:00,AUDCAD,60,0.95421,0.9564,0.95339,0.95515,39906
2016-06-20 05:00:00,AUDCAD,60,0.95525,0.9554,0.95295,0.95436,30068
2016-06-20 06:00:00,AUDCAD,60,0.9534100000000001,0.9559200000000001,0.9534100000000001,0.95496,40213
2016-06-20 07:00:00,AUDCAD,60,0.95415,0.9559200000000001,0.9540299999999999,0.95581,33227
2016-06-20 08:00:00,AUDCAD,60,0.95581,0.95614,0.9540700000000001,0.95542,31510
2016-06-20 09:00:00,AUDCAD,60,0.95554,0.95649,0.9545799999999999,0.95544,36618
2016-06-20 10:00:00,AUDCAD,60,0.95537,0.95609,0.95389,0.9552200000000001,48816
2016-06-20 11:00:00,AUDCAD,60,0.9551700000000001,0.9576600000000001,0.95429,0.95714,61320
2016-06-20 12:00:00,AUDCAD,60,0.95715,0.95836,0.95615,0.9569700000000001,57964
2016-06-20 13:00:00,AUDCAD,60,0.95709,0.95726,0.95468,0.9553799999999999,51922
2016-06-20 14:00:00,AUDCAD,60,0.95547,0.95565,0.95344,0.9544799999999999,49297
2016-06-20 15:00:00,AUDCAD,60,0.9544600000000001,0.9556100000000001,0.95339,0.95531,52782
2016-06-20 16:00:00,AUDCAD,60,0.95535,0.9572700000000001,0.95439,0.95709,62427
2016-06-20 17:00:00,AUDCAD,60,0.9572200000000001,0.95735,0.95388,0.9548,71019
2016-06-20 18:00:00,AUDCAD,60,0.9547,0.956,0.95365,0.9550799999999999,72721
2016-06-20 19:00:00,AUDCAD,60,0.95501,0.95549,0.95375,0.95489,66533
2016-06-20 20:00:00,AUDCAD,60,0.95505,0.95583,0.9539799999999999,0.9552299999999999,40981
2016-06-20 21:00:00,AUDCAD,60,0.9552299999999999,0.9558,0.95396,0.95511,47548
2016-06-20 22:00:00,AUDCAD,60,0.95519,0.95583,0.9534299999999999,0.95416,35657
2016-06-20 23:00:00,AUDCAD,60,0.95416,0.9547700000000001,0.9527899999999999,0.9546399999999999,28723
2016-06-21 00:00:00,AUDCAD,60,0.9546399999999999,0.95495,0.9527,0.9541799999999999,32973
2016-06-21 01:00:00,AUDCAD,60,0.95452,0.9557100000000001,0.95345,0.9543799999999999,19323
2016-06-21 02:00:00,AUDCAD,60,0.9542,0.9551,0.95319,0.9544,36453
2016-06-21 03:00:00,AUDCAD,60,0.95439,0.9550299999999999,0.95295,0.95439,24166
2016-06-21 04:00:00,AUDCAD,60,0.9543799999999999,0.9562299999999999,0.9534799999999999,0.9557899999999999,37708
2016-06-21 05:00:00,AUDCAD,60,0.9557899999999999,0.9581200000000001,0.9541799999999999,0.95768,45049
2016-06-21 06:00:00,AUDCAD,60,0.9576100000000001,0.9578399999999999,0.9548200000000001,0.95563,36925
2016-06-21 07:00:00,AUDCAD,60,0.9547200000000001,0.956,0.95362,0.9547200000000001,31396
2016-06-21 08:00:00,AUDCAD,60,0.9547,0.95578,0.9537200000000001,0.95549,23845
2016-06-21 09:00:00,AUDCAD,60,0.95549,0.9559700000000001,0.954,0.9549700000000001,37426
2016-06-21 10:00:00,AUDCAD,60,0.95501,0.95688,0.9540299999999999,0.95662,44342
2016-06-21 11:00:00,AUDCAD,60,0.95663,0.9575,0.9554,0.9568200000000001,51348
2016-06-21 12:00:00,AUDCAD,60,0.9568399999999999,0.95819,0.95539,0.95811,49398
2016-06-21 13:00:00,AUDCAD,60,0.9581299999999999,0.9586,0.95606,0.9569200000000001,46104
2016-06-21 14:00:00,AUDCAD,60,0.95696,0.9577100000000001,0.9558399999999999,0.95765,45354
2016-06-21 15:00:00,AUDCAD,60,0.95765,0.9580200000000001,0.9561700000000001,0.9571700000000001,50596
2016-06-21 16:00:00,AUDCAD,60,0.9571700000000001,0.9597,0.9560700000000001,0.95711,65399
2016-06-21 17:00:00,AUDCAD,60,0.9570700000000001,0.95891,0.9559700000000001,0.95741,73867
2016-06-21 18:00:00,AUDCAD,60,0.9573799999999999,0.9582799999999999,0.9547899999999999,0.9554799999999999,86571
2016-06-21 19:00:00,AUDCAD,60,0.9552799999999999,0.95634,0.95421,0.9562200000000001,67930
2016-06-21 20:00:00,AUDCAD,60,0.95609,0.95683,0.9550799999999999,0.9565799999999999,40423
2016-06-21 21:00:00,AUDCAD,60,0.95654,0.95667,0.95481,0.9558399999999999,36367
2016-06-21 22:00:00,AUDCAD,60,0.95581,0.95631,0.9545100000000001,0.9561700000000001,39897
2016-06-21 23:00:00,AUDCAD,60,0.9561700000000001,0.9562799999999999,0.95394,0.9551799999999999,40348
2016-06-22 00:00:00,AUDCAD,60,0.9552700000000001,0.95645,0.9537700000000001,0.95463,37558
2016-06-22 01:00:00,AUDCAD,60,0.95439,0.95563,0.95306,0.95495,13158
2016-06-22 02:00:00,AUDCAD,60,0.9549200000000001,0.95526,0.9536100000000001,0.9545299999999999,21939
2016-06-22 03:00:00,AUDCAD,60,0.95436,0.95496,0.95357,0.95411,21688
2016-06-22 04:00:00,AUDCAD,60,0.9541,0.95457,0.9525899999999999,0.95381,34173
2016-06-22 05:00:00,AUDCAD,60,0.95285,0.95552,0.9528200000000001,0.9545299999999999,37644
2016-06-22 06:00:00,AUDCAD,60,0.9545299999999999,0.95519,0.9534,0.95465,31501
2016-06-22 07:00:00,AUDCAD,60,0.9547100000000001,0.9552700000000001,0.95349,0.9546899999999999,29684
2016-06-22 08:00:00,AUDCAD,60,0.95478,0.955,0.9532299999999999,0.9545,24903
2016-06-22 09:00:00,AUDCAD,60,0.9545,0.95501,0.95295,0.95452,28400
2016-06-22 10:00:00,AUDCAD,60,0.95452,0.95662,0.9536100000000001,0.9563299999999999,43088
2016-06-22 11:00:00,AUDCAD,60,0.95649,0.95706,0.95529,0.9568200000000001,55310
2016-06-22 12:00:00,AUDCAD,60,0.95686,0.95799,0.95591,0.95754,45734
2016-06-22 13:00:00,AUDCAD,60,0.95645,0.95791,0.95645,0.9577200000000001,40517
2016-06-22 14:00:00,AUDCAD,60,0.95778,0.9581700000000001,0.9562799999999999,0.95721,39636
2016-06-22 15:00:00,AUDCAD,60,0.95714,0.9583,0.9562700000000001,0.95814,43749
2016-06-22 16:00:00,AUDCAD,60,0.9582200000000001,0.9588700000000001,0.95609,0.95793,58523
2016-06-22 17:00:00,AUDCAD,60,0.9578700000000001,0.96005,0.95701,0.9593200000000001,70516
2016-06-22 18:00:00,AUDCAD,60,0.9592299999999999,0.96125,0.95847,0.9604799999999999,92339
2016-06-22 19:00:00,AUDCAD,60,0.9606399999999999,0.9615600000000001,0.9592700000000001,0.9602200000000001,76695
2016-06-22 20:00:00,AUDCAD,60,0.9602200000000001,0.9616600000000001,0.95894,0.96091,46767
2016-06-22 21:00:00,AUDCAD,60,0.96091,0.96193,0.9599799999999999,0.96129,58254
2016-06-22 22:00:00,AUDCAD,60,0.9612799999999999,0.96306,0.9602700000000001,0.9630299999999999,52571
2016-06-22 23:00:00,AUDCAD,60,0.9630299999999999,0.96342,0.96111,0.96329,42252
2016-06-23 00:00:00,AUDCAD,60,0.9633700000000001,0.9640299999999999,0.96181,0.96275,33907
2016-06-23 01:00:00,AUDCAD,60,0.96216,0.9645799999999999,0.96167,0.9631700000000001,25040
2016-06-23 02:00:00,AUDCAD,60,0.96344,0.9639200000000001,0.9621700000000001,0.96324,29453
2016-06-23 03:00:00,AUDCAD,60,0.96314,0.96331,0.96159,0.9625100000000001,24989
2016-06-23 04:00:00,AUDCAD,60,0.96252,0.96316,0.96147,0.96267,36686
2016-06-23 05:00:00,AUDCAD,60,0.96268,0.96329,0.96145,0.9630799999999999,34662
2016-06-23 06:00:00,AUDCAD,60,0.9630799999999999,0.9633299999999999,0.96155,0.96293,28878
2016-06-23 07:00:00,AUDCAD,60,0.96293,0.9634299999999999,0.9617700000000001,0.9634,29206
2016-06-23 08:00:00,AUDCAD,60,0.96245,0.96388,0.9622799999999999,0.9634299999999999,29126
2016-06-23 09:00:00,AUDCAD,60,0.9634299999999999,0.96429,0.96175,0.96406,35351
2016-06-23 10:00:00,AUDCAD,60,0.96404,0.96488,0.96241,0.96388,60444
2016-06-23 11:00:00,AUDCAD,60,0.9638700000000001,0.96426,0.9624799999999999,0.96393,63534
2016-06-23 12:00:00,AUDCAD,60,0.9638899999999999,0.96535,0.96298,0.96447,59532
2016-06-23 13:00:00,AUDCAD,60,0.96441,0.96788,0.9632,0.9644799999999999,87039
2016-06-23 14:00:00,AUDCAD,60,0.96444,0.9648399999999999,0.9617399999999999,0.9628399999999999,94946
2016-06-23 15:00:00,AUDCAD,60,0.96288,0.96404,0.96142,0.96316,78413
2016-06-23 16:00:00,AUDCAD,60,0.9632700000000001,0.96509,0.96244,0.9647700000000001,75006
2016-06-23 17:00:00,AUDCAD,60,0.9648,0.96714,0.96386,0.9661700000000001,89054
2016-06-23 18:00:00,AUDCAD,60,0.96639,0.96759,0.96514,0.9668100000000001,103193
2016-06-23 19:00:00,AUDCAD,60,0.96673,0.9688700000000001,0.96534,0.96851,74265
2016-06-23 20:00:00,AUDCAD,60,0.9684299999999999,0.9712700000000001,0.96685,0.97119,35971
